,1980,1981,1982,1983,1984,1985,1986,1987,1988,1989,1990,1991,1992,1993,1994,1995,1996,1997,1998,1999,2000,2001,2002,2003,2004,2005,2006,2007,2008,2009,2010,2011,2012,2013,2014,2015,2016,2017,2018,2019,2020,2021,2022,2023,2024,2025,2026,2027,2028
Afghanistan,4.65,4.65,4.65,4.65,4.65,4.65,4.65,4.65,4.65,4.65,4.65,4.65,4.65,4.65,4.65,4.65,4.65,4.65,4.65,4.65,4.65,4.65,4.65,8.7,0.7,11.8,5.4,13.3,3.9,20.6,8.4,6.5,14.0,5.7,2.7,1.0,2.2,2.6,1.2,3.9,-2.4,4.65,4.65,4.65,5.265659540454379,5.265659540454379,5.265659540454379,5.265659540454379,5.265659540454379
Albania,2.7,5.7,2.9,1.1,2.0,-1.5,5.6,-0.8,-1.4,9.8,-10.0,-28.0,-7.2,9.6,9.4,8.9,9.1,-10.9,8.8,12.9,6.9,8.3,4.5,5.5,5.5,5.5,5.9,6.0,7.5,3.4,3.7,2.5,1.4,1.0,1.8,2.2,3.3,3.8,4.0,2.1,-3.5,8.5,3.7,2.2,2.832696411694043,2.832696411694043,2.832696411694043,2.832696411694043,2.832696411694043
Algeria,-5.4,3.0,6.4,5.4,5.6,5.6,-0.2,-0.7,-1.9,4.8,0.8,-1.2,1.6,-2.1,-0.9,3.8,3.8,1.1,5.1,3.2,3.8,3.0,5.6,7.2,4.3,5.9,1.7,3.4,2.4,1.6,3.6,2.9,3.4,2.8,3.8,3.7,3.2,1.4,1.2,1.0,-5.1,3.4,2.9,2.6,2.3591841415387003,2.3591841415387003,2.3591841415387003,2.3591841415387003,2.3591841415387003
Andorra,1.5,1.5,1.5,1.5,1.5,1.5,1.5,1.5,1.5,1.5,1.5,1.5,1.5,1.5,1.5,1.5,1.5,1.5,1.5,1.5,1.5,8.1,4.5,8.7,8.1,5.4,4.8,1.6,-5.6,-5.3,-2.0,0.0,-5.0,-3.5,2.5,1.4,3.7,0.3,1.6,2.0,-11.2,8.9,8.7,1.3,1.5916752892813593,1.5916752892813593,1.5916752892813593,1.5916752892813593,1.5916752892813593
Angola,2.4,-4.4,0.0,4.2,6.0,3.5,2.9,4.1,6.1,0.0,-3.5,12.1,11.4,11.0,10.5,10.4,11.2,7.3,4.7,2.2,3.1,4.2,13.7,3.0,11.0,15.0,11.5,14.0,11.2,0.9,4.9,3.5,8.5,5.0,4.8,0.9,-2.6,-0.2,-1.3,-0.7,-5.6,1.1,2.8,3.5,4.763029393418695,4.763029393418695,4.763029393418695,4.763029393418695,4.763029393418695
Antigua and Barbuda,8.2,3.8,-0.1,5.4,10.2,7.6,11.5,6.6,5.2,5.3,3.0,2.2,1.2,5.3,6.7,-4.4,6.6,5.5,4.7,3.7,6.2,-4.5,1.0,6.1,5.8,6.5,12.7,9.3,0.0,-12.0,-7.8,-2.0,3.4,-0.6,3.8,3.8,5.5,3.1,6.9,4.9,-20.2,5.3,6.4,5.5,3.3860706777082985,3.3860706777082985,3.3860706777082985,3.3860706777082985,3.3860706777082985
Argentina,0.7,-5.7,-3.1,3.7,2.0,-7.0,7.1,2.5,-2.0,-7.0,-1.3,10.5,10.3,6.3,5.8,-2.8,5.5,8.1,3.9,-3.4,-0.8,-4.4,-10.9,9.0,8.9,8.9,8.0,9.0,4.1,-5.9,10.1,6.0,-1.0,2.4,-2.5,2.7,-2.1,2.8,-2.6,-2.0,-9.9,10.4,5.2,0.2,1.811358709722178,1.811358709722178,1.811358709722178,1.811358709722178,1.811358709722178
Armenia,-1.9,-0.2,0.4,0.7,0.3,1.2,2.0,-0.1,3.3,4.3,8.7,8.5,4.9,-14.1,5.4,8.0,5.2,3.4,6.3,3.2,5.9,9.5,14.8,14.1,10.5,14.1,13.2,13.7,6.9,-14.1,2.2,4.7,7.1,3.4,3.6,3.3,0.2,7.5,5.2,7.6,-7.2,5.7,12.6,5.5,4.4884843341346645,4.4884843341346645,4.4884843341346645,4.4884843341346645,4.4884843341346645
Aruba,6.4,0.9,-0.5,-2.8,3.9,3.2,4.3,16.1,18.6,12.1,4.0,8.0,5.9,7.3,8.2,2.5,1.3,7.0,2.0,1.4,7.7,4.2,-0.9,1.1,7.3,-0.4,1.1,3.1,1.8,-11.7,-2.7,3.4,-1.0,6.4,0.0,3.6,2.1,5.5,5.3,0.6,-18.6,17.2,5.7,1.6,3.4590860244460786,3.4590860244460786,3.4590860244460786,3.4590860244460786,3.4590860244460786
Australia,2.9,4.1,0.1,-0.5,6.3,5.5,2.4,4.9,4.3,4.6,1.5,-1.0,2.6,3.9,4.8,3.0,4.0,4.6,4.6,4.4,3.1,2.7,4.2,3.0,4.1,3.0,2.6,4.4,2.5,1.9,2.4,2.8,3.8,2.2,2.6,2.3,2.7,2.4,2.8,1.9,-1.8,5.2,3.7,1.6,3.0314311521066823,3.0314311521066823,3.0314311521066823,3.0314311521066823,3.0314311521066823
Austria,2.3,-0.1,1.9,2.8,0.3,2.2,2.3,1.7,1.0,3.9,4.3,3.4,2.1,0.5,2.4,2.7,2.4,2.1,3.6,3.6,3.4,1.3,1.7,0.9,2.7,2.2,3.5,3.7,1.5,-3.8,1.8,2.9,0.7,0.0,0.7,1.0,2.0,2.3,2.4,1.5,-6.5,4.6,5.0,0.4,1.8521341128715694,1.8521341128715694,1.8521341128715694,1.8521341128715694,1.8521341128715694
Azerbaijan,2.9,2.9,2.9,2.9,2.9,2.9,2.9,2.9,2.9,2.9,2.9,2.9,2.9,-23.1,-19.7,-13.0,2.5,8.9,6.0,11.4,6.2,6.5,9.4,10.2,9.3,28.0,34.5,25.5,10.6,9.4,4.8,-1.6,2.2,5.8,2.8,1.0,-3.1,0.2,1.5,2.5,-4.2,5.6,4.6,3.0,4.1197144857671235,4.1197144857671235,4.1197144857671235,4.1197144857671235,4.1197144857671235
"Bahamas, The",7.1,-2.9,6.3,6.8,2.4,4.1,2.6,3.7,2.3,2.3,1.1,-4.2,-3.8,0.3,3.1,4.4,4.2,4.9,4.7,7.1,4.1,2.6,2.7,-1.3,0.9,3.4,2.5,1.4,-2.3,-4.2,1.5,0.6,3.1,-2.9,1.8,1.0,-0.9,3.1,1.8,1.9,-23.8,13.7,11.0,4.3,1.8749950481077025,1.8749950481077025,1.8749950481077025,1.8749950481077025,1.8749950481077025
Bahrain,7.5,2.8,6.4,7.0,4.2,-0.9,0.5,-1.2,6.0,1.0,3.5,2.3,7.1,7.6,3.2,1.9,3.2,2.3,4.8,6.0,7.0,2.5,3.3,6.3,7.0,6.8,6.5,8.3,6.2,2.5,4.3,2.0,3.7,5.4,4.4,2.5,3.6,4.3,2.1,2.2,-4.6,2.7,4.2,3.0,3.9250976278425966,3.9250976278425966,3.9250976278425966,3.9250976278425966,3.9250976278425966
Bangladesh,5.372916666666666,3.8,2.4,4.0,5.2,3.2,4.2,3.7,2.2,2.6,5.9,3.3,5.0,4.6,4.1,4.9,4.6,4.5,5.2,4.7,5.3,5.1,3.8,4.7,5.2,6.5,6.7,7.1,6.0,5.0,5.6,6.5,6.5,6.0,6.1,6.6,7.1,6.6,7.3,7.9,3.4,6.9,7.1,5.5,6.24969327550532,6.24969327550532,6.24969327550532,6.24969327550532,6.24969327550532
Barbados,4.4,-1.9,-4.9,0.5,3.6,1.1,5.1,2.6,3.5,3.6,-3.3,-3.9,-5.7,0.8,2.0,2.0,4.0,4.7,3.7,0.3,4.5,-2.4,0.8,2.2,1.4,4.0,5.7,2.2,0.7,-5.1,-2.3,-0.7,-0.4,-1.4,-0.1,2.4,2.5,0.5,-0.6,-0.5,-13.3,-0.2,10.0,4.9,0.8887440581511425,0.8887440581511425,0.8887440581511425,0.8887440581511425,0.8887440581511425
Belarus,2.1808510638297873,2.1808510638297873,4.0,4.3,3.0,1.7,3.6,2.8,5.3,3.0,-2.3,-1.2,-9.6,-7.6,-11.7,-11.1,2.8,11.4,8.4,3.4,5.8,4.7,5.0,7.0,11.4,9.5,10.0,8.6,10.2,0.2,7.8,5.3,1.6,1.0,1.7,-3.8,-2.5,2.5,3.1,1.4,-0.7,2.3,-4.7,0.7,2.256641550890219,2.256641550890219,2.256641550890219,2.256641550890219,2.256641550890219
Belgium,4.4,-0.3,0.6,0.3,2.5,1.7,1.8,2.3,4.7,3.5,3.1,1.8,1.5,-1.0,3.2,2.4,1.3,3.8,2.0,3.5,3.7,1.1,1.7,1.0,3.6,2.3,2.6,3.7,0.4,-2.0,2.9,1.7,0.7,0.5,1.6,2.0,1.3,1.6,1.8,2.2,-5.4,6.1,3.1,0.7,1.863631382138011,1.863631382138011,1.863631382138011,1.863631382138011,1.863631382138011
Belize,5.0,0.2,-7.6,6.1,11.3,-1.4,7.3,22.0,10.9,15.5,11.2,11.5,12.0,6.3,0.2,0.6,1.1,3.6,3.9,9.0,13.0,5.0,5.1,9.3,4.6,2.4,4.4,3.3,-1.5,-0.4,1.3,-0.1,3.9,4.5,4.1,3.4,0.1,-1.7,1.1,4.5,-13.4,15.2,11.4,3.0,4.7872393286420145,4.7872393286420145,4.7872393286420145,4.7872393286420145,4.7872393286420145
Benin,9.3,1.9,1.7,-2.0,0.4,4.3,2.7,-2.1,3.4,-2.8,9.0,4.2,3.0,5.8,2.0,6.0,4.3,5.7,4.0,4.4,5.9,5.3,4.6,3.4,4.4,1.7,3.9,6.0,4.9,2.3,2.1,3.0,4.8,7.2,6.4,1.8,3.3,5.7,6.7,6.9,3.8,7.2,6.0,6.0,5.317030811713494,5.317030811713494,5.317030811713494,5.317030811713494,5.317030811713494
Bhutan,5.0,13.6,8.2,7.3,7.6,4.3,8.0,20.2,15.1,6.2,9.1,4.9,2.1,3.2,2.2,6.0,6.0,5.5,6.0,7.1,6.9,7.0,9.5,9.3,6.9,6.7,7.1,12.9,11.0,5.8,9.5,9.9,6.5,3.6,4.0,6.2,7.4,6.3,3.8,4.4,-2.3,-3.3,4.3,4.7,6.556469697720803,6.556469697720803,6.556469697720803,6.556469697720803,6.556469697720803
Bolivia,0.6,0.3,-3.9,-4.0,-0.2,-1.7,-2.6,2.5,2.9,3.8,4.6,5.3,1.6,4.3,4.7,4.7,4.4,5.0,5.0,0.4,2.5,1.7,2.5,2.7,4.2,4.4,4.8,4.6,6.1,3.4,4.1,5.2,5.1,6.8,5.5,4.9,4.3,4.2,4.2,2.2,-8.7,6.1,3.2,1.8,2.558845282322359,2.558845282322359,2.558845282322359,2.558845282322359,2.558845282322359
Bosnia and Herzegovina,3.5,3.5,3.5,3.5,3.5,3.5,3.5,3.5,3.5,3.5,3.5,3.5,3.5,3.5,3.5,20.7,62.2,22.9,13.8,10.7,4.4,2.4,5.1,3.9,6.3,4.2,5.7,6.0,5.6,-0.8,0.8,0.9,-0.7,2.4,1.1,4.3,3.2,3.2,3.8,2.9,-3.0,7.4,3.8,2.0,5.713057245929297,5.713057245929297,5.713057245929297,5.713057245929297,5.713057245929297
Botswana,12.0,8.2,15.9,10.8,6.5,7.7,8.6,14.9,23.4,4.7,8.8,6.2,-0.2,4.0,-0.8,8.5,2.5,7.1,-1.6,8.0,4.3,2.3,7.4,5.4,1.4,5.0,6.0,5.8,3.3,-14.1,10.1,6.8,-0.2,11.1,5.7,-4.9,7.2,4.1,4.2,3.0,-8.7,11.8,6.4,3.7,3.788465518355405,3.788465518355405,3.788465518355405,3.788465518355405,3.788465518355405
Brazil,9.2,-4.4,0.6,-3.4,5.3,7.9,7.5,3.6,0.3,3.2,-4.2,1.0,-0.5,4.7,5.3,4.4,2.2,3.4,0.3,0.5,4.4,1.4,3.1,1.1,5.8,3.2,4.0,6.1,5.1,-0.1,7.5,4.0,1.9,3.0,0.5,-3.5,-3.3,1.3,1.8,1.2,-3.3,5.0,2.9,0.9,2.293176767886496,2.293176767886496,2.293176767886496,2.293176767886496,2.293176767886496
Brunei Darussalam,6.3,5.9,5.1,7.0,7.5,6.6,-2.7,2.0,1.1,-1.1,1.1,3.1,4.8,0.3,3.1,4.5,2.9,-1.5,-0.6,3.1,2.9,2.7,3.9,2.9,0.5,0.4,4.4,0.2,-1.9,-1.8,2.6,3.7,0.9,-2.1,-2.5,-0.4,-2.5,1.3,0.1,3.9,1.1,-1.6,-1.5,3.3,3.299999999999999,3.299999999999999,3.299999999999999,3.299999999999999,3.299999999999999
Bulgaria,5.7,5.3,4.2,3.0,4.6,1.8,5.3,4.7,2.4,-0.5,-9.1,-10.8,-8.4,-11.6,-3.7,-1.6,-8.0,-14.1,3.8,-8.4,4.6,3.8,5.9,5.2,6.5,7.1,6.8,6.7,6.1,-3.3,1.5,2.1,0.8,-0.6,1.0,3.4,3.0,2.8,2.7,4.0,-4.0,7.6,3.4,1.4,1.294161097645594,1.294161097645594,1.294161097645594,1.294161097645594,1.294161097645594
Burkina Faso,4.0,2.7,1.4,-1.2,1.6,11.3,8.0,-0.2,5.8,2.2,-0.6,9.1,0.2,3.5,1.3,5.7,11.0,6.3,7.3,7.3,1.9,6.6,4.4,7.8,4.5,8.7,6.3,4.1,5.8,3.0,8.4,6.6,6.5,5.8,4.3,3.9,6.0,6.2,6.6,5.7,1.9,6.9,2.5,4.9,4.909085858331485,4.909085858331485,4.909085858331485,4.909085858331485,4.909085858331485
Burundi,-6.8,12.2,-1.1,3.7,0.2,11.8,3.2,5.5,5.0,1.3,3.5,5.8,1.0,-6.2,-3.8,-7.9,-8.0,0.4,4.8,1.2,1.8,1.7,2.4,2.5,3.8,4.4,5.4,3.5,4.9,3.8,5.1,4.0,4.4,4.9,4.2,-3.9,-0.6,0.5,1.6,1.8,0.3,3.1,1.8,3.3,2.047630395969606,2.047630395969606,2.047630395969606,2.047630395969606,2.047630395969606
Cabo Verde,5.3,8.4,2.8,9.5,3.8,8.6,2.9,4.3,6.0,5.7,0.7,1.4,3.0,7.3,6.9,7.5,6.7,7.6,8.4,11.9,7.3,6.1,5.3,7.5,4.9,5.8,9.1,9.2,6.7,-1.3,1.5,4.0,1.1,0.8,0.6,1.0,4.7,3.7,14.6,5.7,-14.8,7.0,10.5,4.4,5.093176762645803,5.093176762645803,5.093176762645803,5.093176762645803,5.093176762645803
Cambodia,6.3,5.9,5.1,7.0,7.5,6.6,6.2,7.2,9.6,3.3,1.1,7.6,7.1,4.0,8.2,6.0,5.9,4.0,4.7,12.7,9.6,8.6,6.6,8.5,10.3,13.3,10.8,10.2,6.7,0.1,6.0,7.1,7.3,7.4,7.1,7.0,6.9,7.0,7.5,7.1,-3.1,3.0,5.0,5.8,6.628735157064825,6.628735157064825,6.628735157064825,6.628735157064825,6.628735157064825
Cameroon,9.9,17.1,7.6,6.8,7.5,8.1,6.8,-2.2,-7.9,-1.8,-6.2,-3.8,-3.1,-3.2,-2.5,3.3,4.9,5.3,4.9,4.1,3.4,3.4,4.8,5.0,6.6,1.2,3.5,4.1,2.9,2.6,2.9,3.5,4.5,5.0,5.8,5.6,4.5,3.5,4.0,3.4,0.5,3.6,3.4,4.3,3.7760382324452615,3.7760382324452615,3.7760382324452615,3.7760382324452615,3.7760382324452615
Canada,2.2,3.5,-3.2,2.6,5.9,4.7,2.1,4.1,4.4,2.3,0.2,-2.1,0.9,2.7,4.5,2.7,1.6,4.3,3.9,5.2,5.2,1.8,3.0,1.8,3.1,3.2,2.6,2.1,1.0,-2.9,3.1,3.1,1.8,2.3,2.9,0.7,1.0,3.0,2.8,1.9,-5.1,5.0,3.4,1.5,2.2909040607582707,2.2909040607582707,2.2909040607582707,2.2909040607582707,2.2909040607582707
Central African Republic,-3.0,13.0,-3.6,-6.0,9.9,3.7,7.2,0.0,1.7,3.8,1.4,-0.8,-4.9,-1.2,12.6,3.2,-6.2,4.1,3.3,2.9,-3.6,2.6,2.1,-2.2,-0.1,2.9,4.8,4.0,2.6,2.8,4.6,4.2,5.1,-36.4,0.1,4.3,4.7,4.5,3.8,3.0,1.0,1.0,0.4,2.5,1.3590859932356212,1.3590859932356212,1.3590859932356212,1.3590859932356212,1.3590859932356212
Chad,-6.0,-10.8,5.4,15.7,5.3,7.9,6.0,3.6,7.5,2.0,3.2,10.4,2.4,-2.1,5.5,-0.8,2.1,5.7,7.0,-0.7,-0.9,11.7,8.5,14.7,33.6,8.3,0.6,3.3,3.1,4.1,13.6,0.1,8.8,5.8,6.9,1.8,-5.6,-2.4,2.4,3.4,-2.1,-1.1,2.5,3.5,4.3561197260016495,4.3561197260016495,4.3561197260016495,4.3561197260016495,4.3561197260016495
Chile,7.9,6.2,-13.6,-2.8,5.9,2.0,5.6,6.6,7.3,10.6,3.7,7.8,11.2,6.6,5.0,8.9,5.0,7.4,4.2,-0.3,5.0,3.2,3.2,4.7,6.7,5.8,6.0,5.2,3.8,-1.1,5.9,6.2,6.2,3.3,1.8,2.2,1.8,1.4,4.0,0.7,-6.1,11.7,2.4,-1.0,4.041459726003589,4.041459726003589,4.041459726003589,4.041459726003589,4.041459726003589
"China, People's Republic of",7.9,5.1,9.0,10.8,15.2,13.5,8.9,11.7,11.2,4.2,3.9,9.0,14.3,13.9,13.0,11.0,9.9,9.2,7.9,7.7,8.5,8.3,9.1,10.0,10.1,11.4,12.7,14.2,9.6,9.4,10.6,9.6,7.8,7.8,7.4,7.0,6.9,6.9,6.8,6.0,2.2,8.4,3.0,5.2,8.848763583004484,8.848763583004484,8.848763583004484,8.848763583004484,8.848763583004484
Colombia,4.4,2.3,0.9,1.6,3.4,3.1,5.8,5.4,4.1,3.4,4.3,2.4,4.4,5.7,5.1,5.2,2.1,3.4,0.6,-4.2,2.9,1.7,2.5,3.9,5.3,4.4,6.7,6.7,3.3,1.1,4.5,6.9,3.9,5.1,4.5,3.0,2.1,1.4,2.6,3.2,-7.3,11.0,7.5,1.0,3.4386313392999055,3.4386313392999055,3.4386313392999055,3.4386313392999055,3.4386313392999055
Comoros,7.4,5.5,4.1,3.1,4.2,2.9,2.2,2.2,5.1,-0.8,7.4,-6.2,7.4,2.5,-4.0,5.6,-0.5,4.4,0.0,2.7,-1.0,5.4,4.6,2.0,3.1,5.7,-1.8,0.8,4.0,3.2,3.8,4.1,3.2,4.5,2.1,1.1,3.3,3.8,3.6,1.8,-0.2,2.1,2.4,3.0,2.7189649881850477,2.7189649881850477,2.7189649881850477,2.7189649881850477,2.7189649881850477
"Congo, Dem. Rep. of the",2.4,0.9,-0.5,1.4,4.8,0.5,4.7,2.7,0.5,-1.3,-6.6,-8.4,-10.5,-13.5,-6.1,2.8,-1.9,-7.8,-3.9,-3.8,-8.1,-2.1,2.9,6.6,7.7,9.8,5.1,8.5,7.4,0.6,7.8,7.6,8.7,9.6,7.3,6.4,0.4,3.7,4.8,4.5,1.7,6.2,6.6,6.3,6.3,6.3,6.3,6.3,6.3
"Congo, Republic of ",12.7,2.6,2.4,2.4,2.4,2.4,2.3,2.3,21.9,21.3,1.0,3.4,4.2,1.3,-1.4,4.0,3.5,-1.0,8.9,-3.7,11.8,-4.8,1.0,0.5,-0.2,9.2,8.0,-6.6,6.3,11.6,9.9,2.2,9.9,-0.7,6.7,-3.6,-10.8,-4.4,-4.8,1.0,-6.2,1.5,2.8,4.1,3.120449962822924,3.120449962822924,3.120449962822924,3.120449962822924,3.120449962822924
Costa Rica,0.8,-2.3,-7.3,2.9,8.0,0.7,5.5,4.8,3.4,5.7,3.6,2.3,9.2,7.1,4.5,4.2,1.4,5.5,7.2,4.2,3.9,3.5,3.4,4.3,4.4,4.0,7.3,8.2,4.7,-0.9,5.4,4.4,4.9,2.5,3.5,3.7,4.2,4.2,2.6,2.4,-4.3,7.8,4.3,2.7,3.6775087795258363,3.6775087795258363,3.6775087795258363,3.6775087795258363,3.6775087795258363
Croatia,1.8,0.1,0.6,1.7,2.5,2.2,2.7,2.6,3.8,3.6,2.7,1.4,1.4,-8.0,5.9,6.6,5.9,6.6,1.9,-0.9,3.7,3.1,5.8,5.6,4.2,4.3,4.9,5.0,2.0,-7.2,-1.2,-0.1,-2.3,-0.4,-0.4,2.5,3.6,3.4,2.8,3.4,-8.6,13.1,6.3,1.7,2.279540569970819,2.279540569970819,2.279540569970819,2.279540569970819,2.279540569970819
Cyprus,5.9,3.1,6.3,5.3,8.8,4.7,3.6,7.1,8.3,8.1,7.4,0.7,9.4,0.7,5.9,9.9,1.2,2.6,6.1,5.0,6.0,4.0,3.7,2.6,5.0,4.9,4.7,5.1,3.6,-2.0,2.3,0.4,-3.4,-6.6,-1.8,3.4,6.6,5.7,5.6,5.5,-4.4,6.6,5.6,2.5,3.2321432094791054,3.2321432094791054,3.2321432094791054,3.2321432094791054,3.2321432094791054
Czech Republic,3.8,4.2,2.2,4.0,6.6,4.3,5.5,6.5,5.5,4.6,4.3,3.7,4.0,4.2,6.2,5.3,4.5,-0.5,-0.4,1.4,4.0,3.0,1.6,3.6,4.8,6.6,6.8,5.6,2.7,-4.7,2.4,1.8,-0.8,0.0,2.3,5.4,2.5,5.2,3.2,3.0,-5.5,3.6,2.4,-0.5,1.985635386452207,1.985635386452207,1.985635386452207,1.985635386452207,1.985635386452207
Côte d'Ivoire,5.2,3.5,0.2,-2.5,-2.0,3.6,4.8,-0.5,1.1,3.0,-1.1,0.0,-0.3,-0.2,0.2,5.6,8.1,5.7,4.9,1.6,-2.1,0.1,-1.7,-1.4,1.2,1.7,1.5,1.8,2.5,3.3,2.0,-4.9,10.9,9.3,8.8,8.8,7.2,6.1,3.8,8.3,1.7,7.0,6.7,6.2,5.257743408091205,5.257743408091205,5.257743408091205,5.257743408091205,5.257743408091205
Denmark,-0.5,-0.7,3.7,2.6,4.2,4.0,4.9,0.3,0.0,0.6,1.5,1.4,2.0,0.0,5.3,3.0,2.9,3.3,2.2,2.9,3.7,0.8,0.5,0.4,2.7,2.3,3.9,0.9,-0.5,-4.9,1.9,1.3,0.2,0.9,1.6,2.3,3.2,2.8,2.0,1.5,-2.0,4.9,3.6,0.0,1.7636314811219522,1.7636314811219522,1.7636314811219522,1.7636314811219522,1.7636314811219522
Djibouti,-1.9,-0.2,0.4,0.7,0.3,1.2,2.0,-0.1,3.3,4.3,8.7,-4.5,0.6,-6.8,-1.4,-3.5,-3.7,-1.2,0.1,2.9,0.7,1.8,3.2,3.2,2.8,3.1,4.8,5.0,5.8,1.6,4.1,7.3,4.8,5.0,7.1,7.5,7.1,5.5,4.8,5.5,1.2,4.8,2.5,4.0,3.4568556991197505,3.4568556991197505,3.4568556991197505,3.4568556991197505,3.4568556991197505
Dominica,13.4,10.8,4.1,2.6,4.2,1.4,7.1,6.3,7.8,-0.2,5.4,1.3,2.0,2.2,0.0,3.0,3.1,2.2,3.8,0.4,2.3,-0.1,-2.8,6.4,3.1,0.7,4.7,6.4,7.1,-1.2,0.7,-0.2,-1.1,-1.0,4.8,-2.7,2.8,-6.6,3.5,5.5,-16.6,4.8,6.0,4.9,1.200826642847113,1.200826642847113,1.200826642847113,1.200826642847113,1.200826642847113
Dominican Republic,8.0,4.3,1.7,4.6,1.3,-2.1,3.5,10.1,2.2,4.4,-5.5,0.9,11.2,7.4,2.6,5.7,6.0,8.9,6.7,5.9,4.7,2.5,4.5,-1.3,2.6,9.4,9.2,7.4,3.2,0.9,8.3,3.1,2.7,4.9,7.1,6.9,6.7,4.7,7.0,5.1,-6.7,12.3,4.9,4.2,4.593176826627223,4.593176826627223,4.593176826627223,4.593176826627223,4.593176826627223
Ecuador,4.9,3.9,1.2,-2.8,4.2,4.4,3.1,-6.0,10.5,0.3,3.0,5.1,3.6,2.0,4.3,2.3,1.7,4.3,3.3,-4.7,1.1,4.0,4.1,2.7,8.2,5.3,4.4,2.2,6.4,0.6,3.5,7.9,5.6,4.9,3.8,0.1,-1.2,2.4,1.3,0.0,-7.8,4.2,3.0,2.9,2.7102381437331755,2.7102381437331755,2.7102381437331755,2.7102381437331755,2.7102381437331755
Egypt,3.4,2.2,7.3,8.9,8.0,7.4,4.8,4.3,4.0,3.0,2.3,2.1,0.3,2.9,4.2,4.5,4.9,5.9,7.5,6.1,5.4,3.5,3.2,3.2,4.1,4.5,6.8,7.1,7.2,4.7,5.1,1.8,2.2,3.3,3.3,4.4,4.5,2.4,5.3,5.5,3.5,3.3,6.6,3.7,4.454398460478587,4.454398460478587,4.454398460478587,4.454398460478587,4.454398460478587
El Salvador,-8.6,-5.7,-6.3,1.5,1.3,0.6,0.2,2.5,1.9,1.0,4.8,1.5,7.0,5.8,4.7,4.7,0.8,3.1,2.7,2.2,1.1,0.9,1.6,1.6,0.9,2.7,4.3,1.9,2.1,-2.1,2.1,3.8,2.8,2.2,1.7,2.4,2.5,2.3,2.4,2.4,-8.2,10.3,2.8,2.4,1.1158504800630116,1.1158504800630116,1.1158504800630116,1.1158504800630116,1.1158504800630116
Equatorial Guinea,4.8,5.8,2.2,5.0,1.0,12.9,-2.3,4.4,2.7,-1.2,2.5,-1.2,33.0,10.5,16.8,26.5,52.7,148.0,24.8,26.4,110.5,60.0,19.6,14.5,30.4,8.2,6.5,15.3,17.8,1.3,-8.9,6.5,8.3,-4.1,0.4,-9.1,-8.8,-5.7,-6.2,-5.5,-4.2,-3.2,1.6,-1.8,11.953737638023801,11.953737638023801,11.953737638023801,11.953737638023801,11.953737638023801
Eritrea,1.9068181818181822,1.271111111111111,2.2733333333333334,1.4355555555555561,2.188888888888889,4.17111111111111,3.4622222222222225,2.7755555555555556,4.9511111111111115,3.6755555555555555,2.9644444444444447,2.3,0.1,12.9,20.9,2.3,9.1,7.9,2.0,0.2,-12.4,8.8,3.0,-2.7,1.5,2.6,-1.0,1.4,-19.4,12.2,10.9,25.7,1.9,-10.5,30.9,-20.6,7.4,-10.0,13.0,3.8,-0.5,2.9,2.6,2.8,3.260139994634576,3.260139994634576,3.260139994634576,3.260139994634576,3.260139994634576
Estonia,1.8,0.1,0.6,1.7,2.5,2.2,2.7,2.6,3.8,3.6,2.7,1.4,1.4,-0.8,-1.6,2.2,4.9,13.0,4.3,-0.4,10.1,6.0,6.8,7.6,6.8,9.5,9.8,7.6,-5.1,-14.6,2.4,7.3,3.2,1.5,3.0,1.9,3.2,5.8,3.8,3.7,-0.6,8.0,-1.3,-1.2,3.041203604831059,3.041203604831059,3.041203604831059,3.041203604831059,3.041203604831059
Eswatini,-3.8,6.9,1.4,-0.5,2.5,1.9,18.6,10.0,7.6,9.4,9.9,1.8,3.2,3.1,2.4,4.8,3.8,3.1,2.6,3.0,1.8,1.1,4.4,3.9,3.6,6.0,6.0,4.4,0.8,1.6,3.8,2.2,5.4,3.9,0.9,2.2,1.1,2.0,2.4,2.7,-1.6,7.9,0.5,2.8,3.611529845937746,3.611529845937746,3.611529845937746,3.611529845937746,3.611529845937746
Ethiopia,4.0,0.0,1.0,7.8,-2.3,-11.4,9.7,13.9,0.6,-0.5,2.6,-7.2,-8.9,13.4,3.5,6.1,13.5,2.8,-4.2,6.3,9.8,7.4,1.6,-2.1,11.7,12.6,11.5,11.8,11.2,10.0,10.6,11.4,8.7,9.9,10.3,10.4,8.0,10.2,7.7,9.0,6.1,6.3,6.4,6.1,6.1,6.1,6.1,6.1,6.1
Fiji,-1.7,6.0,-1.1,-4.2,10.1,-3.8,6.6,-7.2,3.5,13.9,5.8,-2.7,6.1,2.6,5.1,2.6,4.8,-2.4,1.3,8.7,-1.7,1.9,3.2,0.8,5.4,-1.3,1.9,-0.9,1.0,-1.4,3.0,2.7,1.4,4.7,5.6,4.5,2.4,5.4,3.8,-0.6,-17.0,-5.1,14.5,7.0,2.16363131325614,2.16363131325614,2.16363131325614,2.16363131325614,2.16363131325614
Finland,5.7,1.3,3.1,3.1,3.2,3.5,2.7,3.6,5.2,5.1,0.2,-5.9,-3.3,-0.7,4.0,4.2,3.7,6.3,5.5,4.4,5.8,2.6,1.7,2.0,4.0,2.8,4.0,5.3,0.8,-8.1,3.2,2.5,-1.4,-0.9,-0.4,0.5,2.8,3.2,1.1,1.2,-2.4,3.0,2.1,0.0,2.083049819692524,2.083049819692524,2.083049819692524,2.083049819692524,2.083049819692524
France,1.8,1.1,2.5,1.3,1.6,1.7,2.3,2.6,4.6,4.5,2.9,1.1,1.5,-0.7,2.4,2.3,1.4,2.3,3.6,3.3,4.1,1.9,1.2,0.8,2.6,1.7,2.6,2.4,0.2,-2.8,1.8,2.2,0.4,0.7,1.0,1.1,1.0,2.4,1.8,1.9,-7.9,6.8,2.6,0.7,1.7113585974301202,1.7113585974301202,1.7113585974301202,1.7113585974301202,1.7113585974301202
Gabon,0.0,-4.0,4.1,2.0,4.9,5.8,-2.1,-15.4,3.5,15.4,5.1,6.1,-3.1,3.9,3.7,5.0,3.6,5.7,3.5,-8.9,-1.9,2.1,0.2,1.7,1.1,-0.8,-1.9,6.3,1.7,-2.3,6.3,7.1,5.3,5.5,4.4,3.9,2.1,0.5,0.8,3.9,-1.9,1.5,2.8,3.0,2.1244666786529125,2.1244666786529125,2.1244666786529125,2.1244666786529125,2.1244666786529125
"Gambia, The",0.7,-9.5,20.8,13.5,-7.6,3.6,2.4,2.8,1.7,4.3,5.7,2.2,1.8,3.8,-3.4,3.3,2.9,1.4,6.5,6.4,5.5,5.8,-3.2,6.9,7.0,-2.4,-0.6,3.0,6.3,6.7,5.9,-8.1,5.2,2.9,-1.4,4.1,1.9,4.8,7.2,6.2,0.6,4.3,4.4,5.6,3.223818446359217,3.223818446359217,3.223818446359217,3.223818446359217,3.223818446359217
Georgia,-1.9,-0.2,0.4,0.7,0.3,1.2,2.0,-0.1,3.3,4.3,8.7,-21.1,-44.9,-29.3,-10.4,2.6,10.5,10.5,3.1,2.9,1.8,4.8,5.5,11.1,5.8,9.6,9.4,12.6,2.4,-3.7,6.2,7.4,6.4,3.6,4.4,3.0,2.9,4.8,4.8,5.0,-6.8,10.5,10.1,4.0,1.3977297991088964,1.3977297991088964,1.3977297991088964,1.3977297991088964,1.3977297991088964
Germany,1.3,0.1,-0.8,1.6,2.8,2.2,2.4,1.5,3.7,3.9,5.7,5.0,1.9,-1.0,2.4,1.5,0.8,1.8,2.0,1.9,2.9,1.7,-0.2,-0.7,1.2,0.7,3.8,3.0,1.0,-5.7,4.2,3.9,0.4,0.4,2.2,1.5,2.2,2.7,1.0,1.1,-3.7,2.6,1.8,-0.1,1.5590858805552448,1.5590858805552448,1.5590858805552448,1.5590858805552448,1.5590858805552448
Ghana,0.5,-3.8,-8.3,-6.2,9.4,6.4,6.2,6.7,6.5,4.5,3.6,4.8,4.5,4.8,3.5,4.2,4.8,5.8,5.0,4.5,3.6,3.8,4.6,5.1,5.4,6.2,5.8,4.1,9.0,5.7,7.8,13.9,8.4,7.2,2.9,2.1,3.4,8.1,6.2,6.5,0.5,5.4,3.2,1.6,4.312766736450614,4.312766736450614,4.312766736450614,4.312766736450614,4.312766736450614
Greece,0.7,-1.6,-1.1,-1.1,2.0,2.5,0.5,-2.3,4.3,3.8,0.0,3.1,0.7,-1.6,2.0,2.1,2.9,4.5,3.9,3.1,3.9,4.1,3.9,5.8,5.1,0.6,5.7,3.3,-0.3,-4.3,-5.5,-10.1,-7.1,-2.5,0.5,-0.2,-0.5,1.1,1.7,1.9,-9.0,8.4,5.9,2.6,1.0090524098441889,1.0090524098441889,1.0090524098441889,1.0090524098441889,1.0090524098441889
Grenada,15.1,1.4,4.1,3.3,4.0,6.0,7.4,9.1,2.9,3.8,4.2,1.4,-0.8,-2.0,1.8,2.2,4.4,4.9,11.8,7.0,5.1,-2.0,3.4,9.5,-0.6,13.3,-4.0,6.1,0.9,-6.6,-0.5,0.8,-1.2,2.4,7.3,6.4,3.7,4.4,4.4,0.7,-13.8,4.7,6.0,3.7,3.3204494994099023,3.3204494994099023,3.3204494994099023,3.3204494994099023,3.3204494994099023
Guatemala,3.7,0.6,-3.5,-2.5,0.5,-0.6,0.1,3.6,3.9,3.9,3.1,3.0,4.6,3.4,3.5,4.4,2.8,4.1,4.6,3.7,2.5,2.4,4.2,2.6,3.0,3.1,5.6,6.0,3.7,0.6,2.8,4.4,3.1,3.5,4.4,4.1,2.7,3.1,3.4,4.0,-1.8,8.0,4.0,3.4,2.9628617150236387,2.9628617150236387,2.9628617150236387,2.9628617150236387,2.9628617150236387
Guinea,2.6,0.6,1.8,1.3,1.4,5.0,3.1,3.3,6.3,4.0,4.3,2.5,3.3,5.0,4.0,4.7,4.5,5.2,3.6,3.8,2.5,3.7,5.2,1.2,2.3,3.0,2.5,6.5,4.1,-1.5,4.2,5.6,5.9,3.9,3.7,3.8,10.8,10.3,6.4,5.6,4.9,4.3,4.3,5.6,5.6,5.6,5.6,5.6,5.6
Guinea-Bissau,3.3020833333333335,-0.5,4.2,-3.4,5.5,4.3,-1.0,5.6,2.0,2.9,4.6,7.3,3.1,2.3,3.0,4.0,3.7,6.0,-22.4,16.8,1.1,4.8,3.7,-0.3,1.2,6.6,2.7,2.6,4.5,2.4,5.6,8.1,-1.7,3.3,1.0,6.1,5.3,4.8,3.8,4.5,1.5,6.4,3.5,4.5,3.1133413094180327,3.1133413094180327,3.1133413094180327,3.1133413094180327,3.1133413094180327
Guyana,-2.1,0.6,-8.9,-11.5,2.1,0.4,-0.2,-0.1,-6.0,-4.9,-3.0,6.0,7.8,8.2,8.5,5.1,8.0,6.2,-1.7,3.0,-1.3,2.3,1.1,-0.7,1.6,-1.9,5.1,7.0,2.0,3.3,4.4,5.4,5.0,3.7,1.7,0.7,3.8,3.7,4.4,5.4,43.5,20.1,62.3,37.2,53.50062953789808,53.50062953789808,53.50062953789808,53.50062953789808,53.50062953789808
Haiti,7.3,1.1,-2.8,-1.5,0.2,0.8,0.3,-0.4,0.6,-1.1,-0.4,1.3,-2.3,-4.9,-11.6,9.9,4.1,2.7,2.2,2.7,0.9,-0.3,1.1,3.5,-1.3,3.1,1.8,4.7,2.7,5.9,-5.7,5.1,0.5,4.3,1.7,2.6,1.8,2.5,1.7,-1.7,-3.3,-1.8,-1.7,0.3,0.8318128750760461,0.8318128750760461,0.8318128750760461,0.8318128750760461,0.8318128750760461
Honduras,0.6,-1.2,-2.1,0.9,6.3,5.6,5.3,6.6,1.7,2.7,2.8,-3.3,6.1,6.5,0.2,6.2,1.9,4.6,3.6,-0.7,7.3,2.7,3.8,4.5,6.2,6.1,6.6,6.2,4.2,-2.4,3.7,3.8,4.1,2.8,3.1,3.8,3.9,4.8,3.8,2.7,-9.0,12.5,4.0,3.7,3.3454440496914373,3.3454440496914373,3.3454440496914373,3.3454440496914373,3.3454440496914373
Hong Kong SAR,10.3,9.2,2.9,6.0,10.0,0.7,11.1,13.4,8.5,2.3,3.8,5.7,6.2,6.2,6.0,2.4,4.3,5.1,-5.9,2.5,7.7,0.6,1.7,3.1,8.7,7.4,7.0,6.5,2.1,-2.5,6.8,4.8,1.7,3.1,2.8,2.4,2.2,3.8,2.8,-1.7,-6.5,6.4,-3.5,3.5,1.3513589826925503,1.3513589826925503,1.3513589826925503,1.3513589826925503,1.3513589826925503
Hungary,0.2,2.9,2.8,0.7,2.7,-0.3,1.5,4.1,-0.1,0.7,-3.5,-11.9,-3.1,-0.6,2.9,2.5,0.1,3.1,3.9,3.1,4.5,4.1,4.7,4.1,5.0,4.3,3.9,0.3,1.0,-6.6,1.1,1.9,-1.3,1.8,4.2,3.7,2.2,4.3,5.4,4.9,-4.5,7.1,4.9,0.5,1.6315417903372307,1.6315417903372307,1.6315417903372307,1.6315417903372307,1.6315417903372307
Iceland,5.7,4.3,2.2,-2.2,4.1,3.3,6.3,8.5,-0.1,0.3,1.2,-0.2,-3.4,1.3,3.6,0.1,4.6,5.8,7.4,4.0,5.0,4.0,0.6,2.1,7.8,6.1,6.3,8.5,2.2,-7.7,-2.8,1.8,1.1,4.6,1.7,4.4,6.3,4.2,4.9,1.8,-7.2,4.3,6.4,2.3,2.8761592619020933,2.8761592619020933,2.8761592619020933,2.8761592619020933,2.8761592619020933
India,5.3,6.0,3.5,7.3,3.8,5.3,4.8,4.0,9.6,5.9,5.5,1.1,5.5,4.8,6.7,7.6,7.5,4.0,6.2,8.5,4.0,4.9,3.9,7.9,7.8,9.3,9.3,9.8,3.9,8.5,10.3,6.6,5.5,6.4,7.4,8.0,8.3,6.8,6.5,3.9,-5.8,9.1,6.8,5.9,6.08863132282828,6.08863132282828,6.08863132282828,6.08863132282828,6.08863132282828
Indonesia,9.9,7.6,2.2,4.2,7.6,3.9,7.2,6.6,7.0,9.1,9.0,8.9,6.5,8.0,7.5,8.2,7.8,4.7,-13.1,0.8,5.0,3.6,4.5,4.8,5.0,5.7,5.5,6.3,7.4,4.7,6.4,6.2,6.0,5.6,5.0,4.9,5.0,5.1,5.2,5.0,-2.1,3.7,5.3,5.0,5.308716118250506,5.308716118250506,5.308716118250506,5.308716118250506,5.308716118250506
Iran,-21.6,-5.7,23.2,11.1,-7.1,1.9,-9.8,-0.2,-6.1,6.1,13.6,12.7,3.3,-1.5,-1.7,2.4,6.4,1.4,2.1,2.0,5.8,2.4,8.1,8.6,4.3,3.2,5.0,8.2,0.3,1.0,5.8,2.6,-3.7,-1.5,5.0,-1.4,8.8,2.8,-1.8,-3.1,3.3,4.7,2.5,2.0,2.73163351144815,2.73163351144815,2.73163351144815,2.73163351144815,2.73163351144815
Iraq,3.55,3.55,3.55,3.55,3.55,3.55,3.55,3.55,3.55,3.55,3.55,3.55,3.55,3.55,3.55,3.55,3.55,3.55,3.55,24.8,-4.3,-6.6,-7.8,81.8,53.4,1.7,5.6,1.9,8.2,3.4,6.4,7.5,13.9,7.6,0.7,2.5,15.2,-3.4,4.7,5.8,-15.7,7.7,8.1,3.7,6.64954666196296,6.64954666196296,6.64954666196296,6.64954666196296,6.64954666196296
Ireland,2.9,2.5,1.5,-0.7,3.2,1.9,0.4,3.6,3.0,5.6,7.7,1.6,3.6,2.3,5.9,9.6,9.1,10.7,8.8,10.5,9.4,5.3,5.9,3.0,6.8,5.7,5.0,5.3,-4.5,-5.1,1.7,0.8,0.0,1.1,8.6,24.4,2.0,9.0,8.5,5.4,6.2,13.6,12.0,5.6,5.1855848454606495,5.1855848454606495,5.1855848454606495,5.1855848454606495,5.1855848454606495
Israel,3.6,4.7,1.4,2.6,2.2,4.5,3.6,7.5,3.6,1.4,6.6,4.6,7.2,3.8,7.0,9.7,5.9,3.8,4.1,3.3,8.7,0.3,-0.1,1.4,4.8,4.1,5.6,6.0,3.3,0.9,5.7,5.6,2.6,4.4,3.9,2.5,4.5,4.3,4.1,4.2,-1.9,8.6,6.4,2.9,4.179540485483014,4.179540485483014,4.179540485483014,4.179540485483014,4.179540485483014
Italy,3.1,0.6,0.2,0.9,3.0,2.6,2.7,3.1,4.0,3.3,2.0,1.4,0.7,-0.8,2.1,2.7,1.3,1.8,1.8,1.6,3.8,2.0,0.3,0.1,1.4,0.8,1.8,1.5,-1.0,-5.3,1.7,0.7,-3.0,-1.8,0.0,0.8,1.3,1.7,0.9,0.5,-9.0,7.0,3.7,0.7,0.6412291361673904,0.6412291361673904,0.6412291361673904,0.6412291361673904,0.6412291361673904
Jamaica,-4.0,4.4,3.1,4.2,0.9,-0.9,7.0,7.7,-4.0,4.7,4.9,0.8,2.8,2.2,1.9,2.5,0.2,-1.6,-1.2,1.0,0.8,1.3,0.7,3.7,1.3,0.9,2.9,1.4,-0.8,-3.4,-1.4,1.4,-0.5,0.2,0.6,0.9,1.5,0.7,1.8,1.0,-9.9,4.6,4.0,2.2,1.193176879702255,1.193176879702255,1.193176879702255,1.193176879702255,1.193176879702255
Japan,3.2,4.2,3.3,3.5,4.5,5.2,3.3,4.7,6.8,4.9,4.9,3.4,0.8,-0.5,0.9,2.6,3.1,1.0,-1.3,-0.3,2.8,0.4,0.0,1.5,2.2,1.8,1.4,1.5,-1.2,-5.7,4.1,0.0,1.4,2.0,0.3,1.6,0.8,1.7,0.6,-0.4,-4.3,2.1,1.1,1.3,0.5741357972578335,0.5741357972578335,0.5741357972578335,0.5741357972578335,0.5741357972578335
Jordan,11.1,15.0,5.8,1.4,5.5,-1.1,5.9,2.7,2.9,-10.7,-1.6,-5.7,16.9,4.4,5.0,6.0,1.9,3.7,3.2,3.2,4.2,5.0,6.6,4.0,8.3,8.8,8.5,8.4,7.4,5.0,2.3,2.7,2.4,2.6,3.4,2.5,2.0,2.5,1.9,1.9,-1.6,2.2,2.7,2.7,3.958530175517197,3.958530175517197,3.958530175517197,3.958530175517197,3.958530175517197
Kazakhstan,-1.9,-0.2,0.4,0.7,0.3,1.2,2.0,-0.1,3.3,4.3,8.7,8.5,4.9,-9.2,-12.6,-8.2,0.5,1.7,-1.9,2.7,9.8,13.5,9.8,9.3,9.6,9.7,10.7,8.9,3.3,1.2,7.3,7.5,5.0,5.9,4.3,1.0,0.9,3.9,4.1,4.5,-2.6,4.1,3.2,4.3,3.1301841761393256,3.1301841761393256,3.1301841761393256,3.1301841761393256,3.1301841761393256
Kenya,5.6,4.1,5.1,1.6,1.6,4.1,7.0,5.8,6.1,4.6,4.1,1.3,-1.1,-0.1,2.5,4.3,4.5,0.4,3.0,2.2,0.3,4.0,0.5,2.9,4.6,5.7,5.9,6.9,0.2,3.3,8.1,5.1,4.6,3.8,5.0,5.0,4.2,3.8,5.7,5.1,-0.3,7.5,5.4,5.3,3.8681271395771386,3.8681271395771386,3.8681271395771386,3.8681271395771386,3.8681271395771386
Kiribati,0.1,0.2,0.7,-2.7,2.4,-4.5,1.0,0.4,9.1,-3.1,-1.3,0.1,1.3,1.0,1.8,-0.1,1.1,2.0,6.9,-1.8,6.0,-1.4,4.0,2.0,-1.6,5.0,0.0,2.0,-2.1,0.8,-1.1,1.8,5.1,4.2,-1.1,9.9,-0.5,-0.1,5.3,-2.1,-1.4,7.9,1.2,2.5,1.385033821309406,1.385033821309406,1.385033821309406,1.385033821309406,1.385033821309406
"Korea, Republic of",-1.6,7.2,8.3,13.4,10.6,7.8,11.3,12.7,12.0,7.1,9.9,10.8,6.2,6.9,9.3,9.6,7.9,6.2,-5.1,11.5,9.1,4.9,7.7,3.1,5.2,4.3,5.3,5.8,3.0,0.8,6.8,3.7,2.4,3.2,3.2,2.8,2.9,3.2,2.9,2.2,-0.7,4.1,2.6,1.5,2.056426639760419,2.056426639760419,2.056426639760419,2.056426639760419,2.056426639760419
Kosovo,3.75,3.75,3.75,3.75,3.75,3.75,3.75,3.75,3.75,3.75,3.75,3.75,3.75,3.75,3.75,3.75,3.75,3.75,3.75,3.75,3.75,4.6,-0.4,2.6,0.6,4.5,3.6,8.3,1.8,5.0,4.9,6.3,1.7,5.3,3.3,5.9,5.6,4.8,3.4,4.8,-5.3,10.7,2.7,3.5,3.796594653103961,3.796594653103961,3.796594653103961,3.796594653103961,3.796594653103961
Kuwait,-20.4,-18.9,-9.5,5.3,5.2,-4.3,8.6,8.1,-10.0,25.9,-26.2,-41.0,82.8,35.1,8.6,1.7,0.6,2.5,3.7,-1.8,4.7,0.2,3.0,17.3,10.8,10.1,7.5,6.0,2.5,-7.1,-2.4,9.6,6.6,1.2,0.5,0.6,2.9,-4.7,2.4,-0.6,-8.9,1.3,8.2,0.9,3.310482931745059,3.310482931745059,3.310482931745059,3.310482931745059,3.310482931745059
Kyrgyz Republic,-1.9,-0.2,0.4,0.7,0.3,1.2,2.0,-0.1,3.3,4.3,8.7,8.5,4.9,-13.0,-19.8,-5.4,7.1,9.9,2.1,3.7,5.4,5.3,0.0,7.0,7.0,-0.2,3.1,8.5,7.6,2.9,-0.5,6.0,-0.1,10.9,4.0,3.9,4.3,4.7,3.5,4.6,-8.6,3.7,7.0,3.5,2.472206297294099,2.472206297294099,2.472206297294099,2.472206297294099,2.472206297294099
Lao P.D.R.,10.0,15.3,4.7,3.0,6.4,9.1,4.8,-1.0,-2.1,9.9,6.7,4.0,7.0,5.9,8.2,7.0,6.9,6.9,4.3,4.0,6.4,4.8,6.8,6.2,7.2,6.9,9.0,7.9,7.8,7.4,8.0,8.0,7.8,8.0,7.6,7.3,7.0,6.9,6.3,4.7,-0.4,2.1,2.3,4.0,6.14397869539443,6.14397869539443,6.14397869539443,6.14397869539443,6.14397869539443
Latvia,1.8,0.1,0.6,1.7,2.5,2.2,2.7,2.6,3.8,3.6,2.7,1.4,1.4,-11.4,2.2,-2.1,2.6,8.8,6.3,2.8,5.7,6.3,7.1,8.4,8.3,10.7,12.0,9.9,-3.2,-14.3,-4.5,2.6,7.0,2.0,1.9,3.9,2.4,3.3,4.0,2.6,-2.2,4.1,2.0,0.4,2.5892139148348705,2.5892139148348705,2.5892139148348705,2.5892139148348705,2.5892139148348705
Lebanon,1.5,0.5,-36.8,22.7,44.5,24.3,-6.8,16.7,-28.2,-42.2,-13.4,38.2,4.5,7.0,8.0,6.5,4.0,10.2,3.9,-0.8,1.1,3.9,3.4,1.7,7.5,0.7,1.5,9.3,9.1,10.2,8.0,0.9,2.6,3.8,2.5,0.5,1.6,0.9,-1.9,-6.9,-25.9,2.6,2.6,2.6,2.3905884435414406,2.3905884435414406,2.3905884435414406,2.3905884435414406,2.3905884435414406
Lesotho,-0.8,3.1,5.6,3.0,4.3,3.3,4.1,2.1,7.7,5.5,5.2,4.8,6.2,3.8,4.5,2.8,4.9,3.5,1.4,1.6,4.9,3.3,1.6,4.1,2.4,3.1,4.4,5.0,3.8,0.4,5.1,5.1,5.1,1.8,2.1,3.2,1.9,-2.7,-1.3,-2.0,-3.9,2.1,2.1,2.2,1.3467902020620928,1.3467902020620928,1.3467902020620928,1.3467902020620928,1.3467902020620928
Liberia,5.1,5.1,5.1,5.1,5.1,5.1,5.1,5.1,5.1,5.1,5.1,5.1,5.1,5.1,5.1,5.1,5.1,5.1,5.1,5.1,5.1,2.8,4.4,-29.0,4.0,5.9,8.5,13.1,6.1,5.2,6.4,7.7,8.4,8.8,0.7,0.0,-1.6,2.5,1.2,-2.5,-3.0,5.0,4.8,4.3,3.881813229877667,3.881813229877667,3.881813229877667,3.881813229877667,3.881813229877667
Libya,0.6,-20.0,1.5,-4.7,-8.3,0.6,-11.4,-14.7,7.6,7.2,3.7,18.3,-4.5,-5.5,3.2,-15.4,1.8,-2.6,-0.7,-0.2,4.0,2.6,-3.7,16.1,5.8,10.6,0.3,6.2,-0.2,-4.4,5.0,-50.3,86.8,-18.0,-23.0,-0.8,-1.5,32.5,7.9,-11.2,-29.5,28.3,-12.8,17.5,0.5765409351884873,0.5765409351884873,0.5765409351884873,0.5765409351884873,0.5765409351884873
Lithuania,1.8,0.1,0.6,1.7,2.5,2.2,2.7,2.6,3.8,3.6,2.7,1.4,1.4,-0.8,2.5,2.9,5.2,8.3,7.5,-1.1,3.7,6.5,6.8,10.6,6.6,7.7,7.4,11.1,2.6,-14.8,1.7,6.0,3.8,3.6,3.5,2.0,2.5,4.3,4.0,4.6,0.0,6.0,1.9,-0.3,3.233881251428983,3.233881251428983,3.233881251428983,3.233881251428983,3.233881251428983
Luxembourg,3.2,0.8,1.0,1.9,4.7,5.6,10.0,4.0,8.5,9.8,5.3,8.6,1.8,4.2,3.8,1.4,1.5,5.9,6.5,8.4,8.4,3.1,3.2,2.6,4.2,2.5,6.0,8.1,-0.3,-3.2,3.8,1.0,1.6,3.2,2.6,2.3,5.0,1.3,1.2,2.3,-0.8,5.1,1.5,1.1,3.6588786430107962,3.6588786430107962,3.6588786430107962,3.6588786430107962,3.6588786430107962
Macao SAR,8.6,8.6,8.6,8.6,8.6,8.6,8.6,8.6,8.6,8.6,8.6,8.6,8.6,8.6,8.6,8.6,8.6,8.6,8.6,8.6,8.6,8.6,8.9,11.6,26.6,8.1,13.4,14.5,3.4,1.3,25.1,21.6,9.2,10.8,-2.0,-21.5,-0.7,10.0,6.5,-2.5,-54.2,19.3,-26.8,58.9,7.277064328899313,7.277064328899313,7.277064328899313,7.277064328899313,7.277064328899313
Madagascar,0.8,-9.8,-1.9,0.9,1.8,1.2,2.0,1.2,3.4,4.1,3.1,-6.3,1.2,2.1,0.0,1.7,2.2,3.7,3.9,4.7,4.5,6.0,-12.4,9.8,5.3,4.8,5.4,5.7,6.7,-4.0,0.6,1.6,3.0,2.3,3.3,3.1,4.0,3.9,3.2,4.4,-7.1,5.7,4.2,4.2,2.004540708360096,2.004540708360096,2.004540708360096,2.004540708360096,2.004540708360096
Malawi,0.4,-5.2,2.5,3.7,5.4,4.6,-0.2,1.6,3.2,1.3,5.7,8.7,-7.3,9.7,-10.3,13.8,10.0,6.6,1.1,3.5,0.8,-4.1,1.8,5.7,5.4,3.3,4.7,9.6,7.6,8.3,6.9,4.9,1.9,5.2,5.7,3.0,2.3,4.0,4.4,5.4,0.9,4.6,0.8,2.4,3.50681314356593,3.50681314356593,3.50681314356593,3.50681314356593,3.50681314356593
Malaysia,7.4,6.9,5.9,6.3,7.8,-0.9,1.2,5.4,9.9,9.1,9.0,9.5,8.9,9.9,9.2,9.8,10.0,7.3,-7.4,6.1,8.7,0.5,5.4,5.8,6.8,5.0,5.6,6.3,4.8,-1.5,7.5,5.3,5.5,4.7,6.0,5.0,4.4,5.8,4.8,4.4,-5.5,3.1,8.7,4.5,5.529549883847437,5.529549883847437,5.529549883847437,5.529549883847437,5.529549883847437
Maldives,18.8,7.9,7.5,4.4,17.4,13.8,8.6,8.9,8.7,9.3,-4.0,6.9,6.5,5.4,7.5,7.4,9.1,10.4,9.8,7.2,4.8,3.5,6.1,25.4,6.0,-13.1,26.1,7.7,9.5,-7.2,7.3,8.6,2.5,7.3,7.3,2.9,6.3,7.2,8.1,6.9,-33.4,41.7,12.3,7.2,7.265296562899858,7.265296562899858,7.265296562899858,7.265296562899858,7.265296562899858
Mali,3.3,-4.5,-11.6,3.2,2.4,3.2,6.1,2.5,0.1,10.7,9.3,7.7,-1.6,3.6,3.8,3.0,7.3,4.8,2.9,6.2,-0.1,15.4,3.1,9.1,1.6,6.5,4.7,3.5,4.8,4.7,5.4,3.2,-0.8,2.3,7.1,6.2,5.9,5.3,4.7,4.8,-1.2,3.1,3.7,5.0,3.872722277066255,3.872722277066255,3.872722277066255,3.872722277066255,3.872722277066255
Malta,7.0,2.7,0.1,2.6,0.8,2.4,3.8,5.7,6.8,7.1,4.7,5.9,8.1,3.9,4.6,6.9,4.0,4.8,3.4,3.8,-1.0,-1.2,2.6,4.1,0.1,3.4,2.5,4.8,3.8,-1.1,5.5,0.5,4.1,5.5,7.6,9.6,3.4,10.9,6.2,7.0,-8.6,11.8,6.9,3.5,4.113621975864407,4.113621975864407,4.113621975864407,4.113621975864407,4.113621975864407
Marshall Islands,1.5,1.5,1.5,1.5,1.5,1.5,1.5,1.5,1.5,1.5,1.5,1.5,1.5,1.5,1.5,1.5,1.5,1.5,-0.7,-1.1,1.5,6.7,3.7,-1.6,-0.3,2.3,-0.2,3.4,-6.4,2.6,6.8,-0.6,-2.2,3.9,-1.0,1.6,1.4,3.3,3.1,6.8,-1.6,1.7,1.3,3.0,1.4342042293513604,1.4342042293513604,1.4342042293513604,1.4342042293513604,1.4342042293513604
Mauritania,4.2,4.2,4.2,4.2,4.2,4.2,4.2,4.2,4.2,4.2,4.2,0.0,1.8,5.9,-3.1,9.8,5.8,-4.0,2.8,3.7,-3.9,-0.8,1.4,6.9,4.7,8.6,18.3,-2.0,-0.3,0.1,2.6,4.2,4.5,4.2,4.3,5.4,1.3,6.3,4.8,5.4,-0.9,2.4,5.0,4.4,3.5409042461077087,3.5409042461077087,3.5409042461077087,3.5409042461077087,3.5409042461077087
Mauritius,-10.1,5.9,5.5,0.4,4.8,6.9,9.7,10.2,6.8,4.5,7.2,4.4,6.5,5.1,4.1,4.3,5.6,5.7,6.1,2.6,8.2,3.2,1.6,6.0,4.3,1.5,4.5,5.7,5.4,3.3,4.4,4.1,3.5,3.4,3.8,3.7,3.9,3.9,4.0,2.9,-14.6,3.5,8.3,4.6,4.078367695355741,4.078367695355741,4.078367695355741,4.078367695355741,4.078367695355741
Mexico,9.5,8.5,-0.5,-3.5,3.4,2.2,-3.1,1.7,1.3,4.1,5.2,4.2,3.5,2.7,4.9,-6.3,6.8,6.8,5.2,2.8,4.9,-0.4,0.0,1.4,3.9,2.3,4.5,2.3,1.1,-5.3,5.1,3.7,3.6,1.4,2.8,3.3,2.6,2.1,2.2,-0.2,-8.0,4.7,3.1,1.8,2.324995020279004,2.324995020279004,2.324995020279004,2.324995020279004,2.324995020279004
"Micronesia, Fed. States of",6.3,5.9,5.1,7.0,7.5,6.6,6.2,7.2,9.3,6.3,5.9,6.1,8.9,9.0,9.3,8.9,-3.1,-6.1,2.7,1.5,4.9,2.1,0.6,1.6,-3.1,2.1,-0.1,-1.9,-2.2,1.0,2.3,3.2,-1.9,-3.7,-2.3,4.6,0.9,2.7,0.2,1.2,-1.8,-3.2,-0.6,2.8,2.8,2.8,2.8,2.8,2.8
Moldova,-0.8,-0.5,1.4,4.6,4.1,2.4,4.4,5.0,1.6,0.1,-0.4,-17.5,-29.7,-1.2,-30.9,-1.4,-5.9,1.6,-6.5,-3.4,2.1,6.1,7.8,6.6,7.4,7.5,4.8,3.0,7.8,-6.0,7.1,5.8,-0.6,9.0,5.0,-0.3,4.4,4.2,4.1,3.6,-8.3,13.9,-5.6,2.0,0.3371214883976235,0.3371214883976235,0.3371214883976235,0.3371214883976235,0.3371214883976235
Mongolia,6.4,8.4,8.3,5.8,5.9,5.7,9.4,3.5,5.1,4.2,-2.5,-9.2,-9.3,-3.2,2.1,6.4,2.2,3.9,3.3,3.1,1.1,4.6,5.3,7.4,9.4,6.5,8.2,8.8,7.8,-2.1,7.3,17.3,12.3,11.6,7.9,2.4,1.5,5.6,7.7,5.6,-4.6,1.6,4.8,4.5,4.613003887002896,4.613003887002896,4.613003887002896,4.613003887002896,4.613003887002896
Montenegro,3.1,3.1,3.1,3.1,3.1,3.1,3.1,3.1,3.1,3.1,3.1,3.1,3.1,3.1,3.1,3.1,3.1,3.1,3.1,3.1,3.1,1.1,1.9,2.5,4.4,4.2,8.6,6.8,7.2,-5.8,2.7,3.2,-2.7,3.5,1.8,3.4,2.9,4.7,5.1,4.1,-15.3,13.0,6.4,3.2,2.9685954058693795,2.9685954058693795,2.9685954058693795,2.9685954058693795,2.9685954058693795
Morocco,3.8,-2.8,9.6,-0.6,4.3,6.3,8.3,-2.5,10.4,2.4,4.0,7.2,-2.1,-0.7,10.6,-5.4,12.4,-1.6,7.2,1.1,1.9,7.3,3.1,6.0,4.8,3.3,7.6,3.5,5.9,4.2,3.8,5.2,3.0,4.5,2.7,4.3,0.5,5.1,3.1,2.9,-7.2,7.9,1.1,3.0,3.6195716784191787,3.6195716784191787,3.6195716784191787,3.6195716784191787,3.6195716784191787
Mozambique,4.2,5.0,-6.9,-15.7,-6.5,1.0,-2.3,14.7,8.2,6.5,1.0,6.6,-6.1,10.6,6.5,2.3,11.2,11.3,9.9,11.7,1.2,12.1,9.3,6.9,7.9,6.6,9.7,7.7,7.3,6.3,6.5,7.4,7.3,7.0,7.4,6.7,3.8,3.7,3.4,2.3,-1.2,2.3,4.1,5.0,4.852963559168425,4.852963559168425,4.852963559168425,4.852963559168425,4.852963559168425
Myanmar,6.45,6.45,6.45,6.45,6.45,6.45,6.45,6.45,6.45,6.45,6.45,6.45,6.45,6.45,6.45,6.45,6.45,6.45,6.45,8.4,12.4,12.5,9.9,13.2,15.3,13.6,13.3,12.5,7.6,4.4,5.2,5.5,6.5,7.9,8.2,7.5,6.4,5.8,6.4,6.8,3.2,-17.9,2.0,2.6,6.750584861005187,6.750584861005187,6.750584861005187,6.750584861005187,6.750584861005187
Namibia,1.9068181818181822,1.271111111111111,2.2733333333333334,1.4355555555555561,2.188888888888889,4.17111111111111,3.4622222222222225,2.7755555555555556,4.9511111111111115,3.6755555555555555,2.9644444444444447,5.3,9.3,-1.6,3.0,4.1,3.2,4.2,3.3,3.4,3.5,2.4,6.7,3.5,6.6,4.7,3.9,3.6,2.6,0.3,6.0,5.1,5.1,5.6,6.1,4.3,0.0,-1.0,1.1,-0.8,-8.0,2.7,3.8,2.8,3.075671698232775,3.075671698232775,3.075671698232775,3.075671698232775,3.075671698232775
Nauru,2.4,2.4,2.4,2.4,2.4,2.4,2.4,2.4,2.4,2.4,2.4,2.4,2.4,2.4,2.4,2.4,2.4,2.4,2.4,2.4,2.4,2.4,2.4,2.4,2.4,-8.0,-8.3,-6.8,63.3,-6.0,-0.3,9.3,30.6,5.0,14.7,-5.7,8.0,-5.9,7.2,9.1,4.1,2.7,3.0,1.0,4.022722202490118,4.022722202490118,4.022722202490118,4.022722202490118,4.022722202490118
Nepal,-2.3,8.3,3.8,-3.0,9.7,6.1,4.6,1.7,7.7,4.3,4.6,6.4,4.1,3.8,8.2,3.5,5.3,5.3,2.9,4.5,6.1,5.6,0.1,3.9,4.7,3.5,3.4,3.4,6.1,4.5,4.8,3.4,4.7,3.5,6.0,4.0,0.4,9.0,7.6,6.7,-2.4,4.2,5.8,4.4,4.424979198215942,4.424979198215942,4.424979198215942,4.424979198215942,4.424979198215942
Netherlands,2.0416666666666665,-0.5,-1.3,1.8,3.1,2.7,3.1,1.9,4.6,4.5,4.2,2.5,1.6,1.3,3.0,2.8,3.5,4.3,4.7,5.0,4.2,2.3,0.2,0.2,2.0,2.0,3.5,3.8,2.2,-3.7,1.3,1.5,-1.0,-0.1,1.4,2.0,2.2,2.9,2.4,2.0,-3.9,4.9,4.5,1.0,2.0984935329404526,2.0984935329404526,2.0984935329404526,2.0984935329404526,2.0984935329404526
New Zealand,1.0,3.0,2.9,-0.1,6.9,1.2,1.8,2.4,0.6,0.4,0.0,-1.3,0.7,5.2,5.6,4.9,4.1,2.5,0.4,4.5,4.2,2.5,4.7,4.4,4.8,3.2,2.8,3.5,-0.3,-1.1,1.8,1.8,2.5,2.3,3.8,3.7,3.9,3.5,3.5,3.1,-1.5,6.1,2.4,1.1,2.5772676997457866,2.5772676997457866,2.5772676997457866,2.5772676997457866,2.5772676997457866
Nicaragua,4.6,5.4,-0.8,4.6,-1.6,-4.1,-1.0,-0.7,-12.4,-1.7,-0.1,-0.2,0.4,-0.4,5.0,5.9,6.3,4.0,3.7,7.0,4.1,3.0,0.8,2.5,5.3,4.3,3.8,5.1,3.4,-3.3,4.4,6.3,6.5,4.9,4.8,4.8,4.6,4.6,-3.4,-3.8,-1.8,10.3,4.0,3.0,2.3658013649955985,2.3658013649955985,2.3658013649955985,2.3658013649955985,2.3658013649955985
Niger,4.9,-0.2,2.2,-3.9,-16.8,7.7,6.4,0.1,6.9,1.0,-1.3,-0.4,2.0,0.3,1.9,2.5,0.1,1.5,10.0,-0.2,-1.2,7.3,4.9,2.2,0.4,7.3,5.9,3.1,7.7,2.0,8.6,2.4,10.5,5.3,6.6,4.4,5.7,5.0,7.0,6.1,3.5,1.4,11.1,6.1,4.847865102834356,4.847865102834356,4.847865102834356,4.847865102834356,4.847865102834356
Nigeria,1.9068181818181822,1.271111111111111,2.2733333333333334,1.4355555555555561,2.188888888888889,4.17111111111111,3.4622222222222225,2.7755555555555556,4.9511111111111115,3.6755555555555555,2.9644444444444447,-0.6,2.2,1.6,0.3,1.9,4.1,2.9,2.5,0.5,5.5,6.7,14.6,9.5,10.4,7.0,6.7,7.3,7.2,8.4,11.3,4.9,4.3,5.4,6.3,2.7,-1.6,0.8,1.9,2.2,-1.8,3.6,3.3,3.2,3.8855612807179125,3.8855612807179125,3.8855612807179125,3.8855612807179125,3.8855612807179125
North Macedonia ,-0.8,-0.5,1.4,4.6,4.1,2.4,4.4,5.0,1.6,0.1,-0.4,-5.7,-8.7,-7.5,-1.8,-1.1,1.2,1.4,3.4,4.3,4.5,-3.1,1.5,2.2,4.7,4.7,5.1,6.5,5.5,-0.4,3.4,2.3,-0.5,2.9,3.6,3.9,2.8,1.1,2.9,3.9,-4.7,3.9,2.2,1.4,1.472456964150151,1.472456964150151,1.472456964150151,1.472456964150151,1.472456964150151
Norway,4.5,1.6,0.2,4.0,6.1,5.6,4.0,1.8,-0.3,1.0,1.9,3.1,3.6,2.8,5.1,4.2,5.0,5.3,2.7,2.1,3.3,2.1,1.4,0.9,4.0,2.7,2.5,2.9,0.5,-1.9,0.8,1.1,2.7,1.0,2.0,1.9,1.2,2.5,0.8,1.1,-1.3,3.9,3.3,2.1,2.4391916576754165,2.4391916576754165,2.4391916576754165,2.4391916576754165,2.4391916576754165
Oman,6.1,17.1,11.5,15.9,13.9,14.5,2.1,-4.0,5.2,3.0,8.4,6.0,8.5,6.1,3.8,4.8,2.9,6.2,2.7,0.3,6.2,4.6,-0.8,-2.2,2.0,2.8,4.7,5.0,9.0,6.0,2.5,2.9,8.9,5.2,1.3,5.0,5.0,0.3,1.3,-1.1,-3.2,2.9,4.3,1.7,2.565448024165755,2.565448024165755,2.565448024165755,2.565448024165755,2.565448024165755
Pakistan,6.9,6.2,7.6,6.8,4.0,8.7,6.4,5.8,6.4,4.8,4.6,5.1,7.6,2.1,4.4,5.1,6.6,1.7,3.5,4.2,3.9,2.0,3.1,4.7,7.5,9.0,5.8,5.5,5.0,0.4,2.6,3.6,3.8,3.7,4.1,4.1,4.6,4.6,6.1,3.1,-0.9,5.7,6.0,0.5,3.5604939905282653,3.5604939905282653,3.5604939905282653,3.5604939905282653,3.5604939905282653
Palau,2.55,2.55,2.55,2.55,2.55,2.55,2.55,2.55,2.55,2.55,2.55,2.55,2.55,2.55,2.55,2.55,2.55,2.55,2.55,2.55,2.55,6.5,5.1,-3.4,4.1,3.7,0.0,0.9,-5.3,-6.8,-1.7,4.1,1.9,-1.6,4.4,9.6,3.7,-3.4,0.0,0.4,-7.5,-12.1,-2.9,8.7,1.5245629207311742,1.5245629207311742,1.5245629207311742,1.5245629207311742,1.5245629207311742
Panama,4.5,9.2,5.3,-4.5,2.7,4.9,3.6,-1.8,-13.4,1.6,8.1,9.4,8.2,5.5,2.8,1.8,7.4,6.5,7.3,3.9,2.7,0.6,2.2,4.2,7.5,7.2,8.5,12.1,9.9,1.2,5.8,11.3,9.8,6.9,5.1,5.7,5.0,5.6,3.7,3.0,-17.9,15.3,10.0,5.0,4.622722333669125,4.622722333669125,4.622722333669125,4.622722333669125,4.622722333669125
Papua New Guinea,-2.3,1.1,0.8,3.4,-1.0,3.6,5.7,2.8,2.9,-1.4,-3.1,9.6,13.8,13.3,10.5,-3.4,6.6,-6.3,4.7,1.9,-2.5,-0.1,-0.2,9.0,0.6,4.3,2.5,7.8,-0.3,6.8,10.1,1.1,4.7,3.8,13.5,6.6,5.5,3.5,-0.3,4.5,-3.2,0.1,4.5,3.7,3.3909039319601564,3.3909039319601564,3.3909039319601564,3.3909039319601564,3.3909039319601564
Paraguay,11.7,9.2,-1.4,-3.0,2.8,3.9,0.3,4.1,5.9,5.8,4.1,3.5,1.7,4.9,5.3,6.8,1.6,4.2,0.1,-1.4,-2.3,-0.8,0.0,4.3,4.1,2.1,4.8,5.4,6.5,-0.3,11.1,4.3,-0.7,8.3,5.3,3.0,4.3,4.8,3.2,-0.4,-0.8,4.0,0.2,4.5,3.355045447643836,3.355045447643836,3.355045447643836,3.355045447643836,3.355045447643836
Peru,7.7,5.5,-0.3,-9.3,3.8,2.1,12.1,7.7,-9.4,-13.4,-5.1,2.2,-0.5,5.2,12.3,7.4,2.8,6.5,-0.4,1.5,2.7,0.6,5.5,4.2,5.0,6.3,7.5,8.5,9.1,1.1,8.3,6.3,6.1,5.9,2.4,3.3,4.0,2.5,4.0,2.2,-11.0,13.6,2.7,2.4,3.241541883631546,3.241541883631546,3.241541883631546,3.241541883631546,3.241541883631546
Philippines,5.1,3.4,3.6,1.9,-7.3,-7.3,3.4,4.3,6.8,6.2,3.0,-0.4,0.4,2.2,4.4,4.6,5.9,5.2,-0.5,3.3,4.4,3.0,3.7,5.1,6.6,4.9,5.3,6.5,4.3,1.4,7.3,3.9,6.9,6.8,6.3,6.3,7.1,6.9,6.3,6.1,-9.5,5.7,7.6,6.0,3.820861727207369,3.820861727207369,3.820861727207369,3.820861727207369,3.820861727207369
Poland,-6.0,-10.0,-4.8,5.6,-0.4,3.9,3.5,2.3,3.3,3.8,-7.2,-7.0,2.0,4.3,5.2,6.7,6.2,7.1,5.0,4.5,4.3,1.2,1.4,3.5,5.0,3.5,6.1,7.1,4.2,2.8,2.9,5.0,1.5,0.9,3.8,4.4,3.0,5.1,5.9,4.4,-2.0,6.8,4.9,0.3,2.513882564717731,2.513882564717731,2.513882564717731,2.513882564717731,2.513882564717731
Portugal,6.7,3.5,2.2,1.0,-1.0,1.6,3.3,7.6,5.3,6.6,7.9,3.4,3.1,-0.7,1.5,2.3,3.5,4.4,4.8,3.9,3.8,1.9,0.8,-0.9,1.8,0.8,1.6,2.5,0.3,-3.1,1.7,-1.7,-4.1,-0.9,0.8,1.8,2.0,3.5,2.8,2.7,-8.3,5.5,6.7,1.0,2.17301358161267,2.17301358161267,2.17301358161267,2.17301358161267,2.17301358161267
Puerto Rico,1.5041666666666664,1.1,-3.0,0.5,7.3,2.1,8.2,4.9,6.5,4.9,3.8,2.3,4.6,4.6,4.2,4.5,2.3,4.9,6.5,4.4,3.3,9.5,2.2,2.3,2.0,-2.0,-1.4,-1.2,-1.8,-2.0,-0.4,-0.4,0.0,-0.3,-1.2,-1.0,-1.3,-2.9,-4.4,1.7,-4.4,0.2,4.8,0.4,0.9220062364977171,0.9220062364977171,0.9220062364977171,0.9220062364977171,0.9220062364977171
Qatar,-1.0,-3.9,-8.2,-5.3,16.0,-13.0,3.7,0.9,4.7,5.3,-14.6,-1.5,10.4,-0.9,1.9,0.4,4.2,27.7,10.3,3.8,6.9,4.5,6.9,4.0,19.2,7.8,28.1,18.2,17.5,13.1,17.7,11.3,4.7,5.6,5.3,4.8,3.1,-1.5,1.2,0.7,-3.6,1.6,4.2,2.4,4.126975933295361,4.126975933295361,4.126975933295361,4.126975933295361,4.126975933295361
Romania,3.3,0.1,3.9,6.0,6.0,-0.1,2.4,0.8,-0.5,-5.8,-5.6,-12.9,-8.8,1.5,3.9,7.1,3.9,-6.1,-4.8,-1.2,2.9,5.1,5.7,2.3,10.3,4.7,8.0,7.2,9.4,-5.6,-3.9,4.5,1.9,0.2,4.1,3.2,2.9,8.2,6.0,3.8,-3.7,5.9,4.8,2.4,1.936706354044812,1.936706354044812,1.936706354044812,1.936706354044812,1.936706354044812
Russian Federation,-0.8,-0.5,1.4,4.6,4.1,2.4,4.4,5.0,1.6,0.1,-0.4,-5.0,-14.5,-8.7,-12.7,-4.1,-3.6,1.4,-5.3,6.4,10.0,5.1,4.7,7.3,7.2,6.4,8.2,8.5,5.2,-7.8,4.5,5.1,4.0,1.8,0.7,-2.0,0.2,1.8,2.8,2.2,-2.7,5.6,-2.1,0.7,1.1367090396720227,1.1367090396720227,1.1367090396720227,1.1367090396720227,1.1367090396720227
Rwanda,-3.6,2.5,-2.5,6.0,13.0,4.4,5.5,-0.3,0.3,-5.7,0.4,-4.3,6.6,-10.4,-41.9,24.5,11.6,14.9,8.3,3.3,8.4,8.5,13.2,2.2,7.4,9.4,9.2,7.7,11.2,6.2,7.3,8.0,8.6,4.7,6.2,8.9,6.0,4.0,8.6,9.5,-3.4,10.9,6.8,6.2,4.734086021056553,4.734086021056553,4.734086021056553,4.734086021056553,4.734086021056553
Saint Kitts and Nevis,1.3,2.7,6.1,-2.1,9.7,6.4,8.8,8.3,10.4,6.0,5.5,2.3,3.1,5.4,5.4,3.5,5.9,7.3,1.0,3.9,9.7,5.3,1.4,-3.9,4.0,9.7,3.2,0.6,11.2,-3.4,0.0,1.6,-0.5,5.7,7.6,0.7,3.9,0.9,1.1,4.0,-14.5,-0.9,9.0,4.5,3.6772676415302143,3.6772676415302143,3.6772676415302143,3.6772676415302143,3.6772676415302143
Saint Lucia,-0.5,5.1,2.1,4.1,8.0,12.6,14.4,3.9,13.9,9.0,9.9,0.4,8.0,0.6,1.6,1.7,2.9,-0.7,6.3,2.7,0.0,-3.4,0.4,4.3,7.3,-0.4,6.2,1.9,4.9,-1.9,0.5,4.8,-0.4,-2.2,1.3,-0.2,3.8,3.4,2.9,-0.7,-24.4,12.2,14.9,3.0,3.2772678089954757,3.2772678089954757,3.2772678089954757,3.2772678089954757,3.2772678089954757
Saint Vincent and the Grenadines,2.9,3.9,2.6,3.2,5.3,4.3,5.4,0.6,13.2,3.3,4.8,2.2,7.1,3.6,-1.2,6.8,1.1,3.7,4.5,2.1,1.8,1.6,4.9,6.1,3.7,2.3,6.5,3.1,0.4,-1.2,-4.3,-0.6,1.1,2.5,1.1,2.8,4.1,1.5,3.2,0.7,-3.7,0.8,5.3,6.0,2.934085876835979,2.934085876835979,2.934085876835979,2.934085876835979,2.934085876835979
Samoa,-6.1,-9.1,-1.0,0.5,2.0,5.8,4.8,0.5,2.9,5.8,-6.4,-2.4,4.1,1.7,6.4,6.6,7.3,0.8,1.1,-0.6,5.1,7.4,5.7,5.2,3.1,6.6,2.1,0.5,3.6,-0.5,2.5,3.8,-3.7,0.1,0.7,3.9,8.0,1.4,-0.6,4.5,-3.1,-7.1,-6.0,5.0,1.7010445039119686,1.7010445039119686,1.7010445039119686,1.7010445039119686,1.7010445039119686
San Marino,3.8,4.2,2.2,4.0,6.6,4.3,5.5,6.5,5.5,4.6,4.3,3.7,4.0,4.2,6.2,5.3,4.9,4.7,7.5,9.0,2.2,5.5,0.3,3.9,4.6,2.4,3.8,7.1,-0.4,-10.1,-5.8,-8.5,-7.2,-0.8,-0.6,2.7,2.3,0.3,1.5,2.1,-6.7,8.3,4.6,1.2,2.4702932401036684,2.4702932401036684,2.4702932401036684,2.4702932401036684,2.4702932401036684
Saudi Arabia,5.7,1.9,-20.7,-16.1,-4.7,-9.8,17.0,-6.6,13.1,-0.5,15.2,15.0,4.0,-1.4,0.6,0.2,2.6,1.1,2.9,-3.8,5.6,-1.2,-2.8,11.2,8.0,5.6,2.8,1.8,6.2,-2.1,5.0,11.0,5.4,2.9,4.0,4.7,2.4,-0.1,2.8,0.8,-4.3,3.9,8.7,3.1,2.2977224162644307,2.2977224162644307,2.2977224162644307,2.2977224162644307,2.2977224162644307
Senegal,-0.8,5.1,7.8,-5.3,3.7,3.3,3.1,6.1,-0.6,4.0,-0.7,2.6,1.2,1.3,-0.2,6.1,1.9,2.7,6.0,6.0,3.9,4.3,0.1,5.6,4.6,4.3,2.3,2.8,3.7,2.8,3.4,1.3,4.0,2.4,6.2,6.4,6.4,7.4,6.2,4.6,1.3,6.1,4.7,8.3,4.992546487054406,4.992546487054406,4.992546487054406,4.992546487054406,4.992546487054406
Serbia,-0.8,-0.5,1.4,4.6,4.1,2.4,4.4,5.0,1.6,0.1,-0.4,-5.7,-8.7,-4.4,-8.4,-0.3,0.3,2.7,2.4,-12.1,7.8,5.0,7.1,4.4,9.0,10.2,5.1,6.4,5.7,-2.7,0.7,2.0,-0.7,2.9,-1.6,1.8,3.3,2.1,4.5,4.3,-0.9,7.5,2.3,2.0,1.6542957798183056,1.6542957798183056,1.6542957798183056,1.6542957798183056,1.6542957798183056
Seychelles,-2.3,-3.9,-2.1,-0.6,4.3,10.3,0.8,4.9,5.3,10.3,7.5,2.8,7.2,7.3,-2.4,0.5,10.0,12.2,2.5,1.9,4.3,-2.3,1.2,-5.9,-2.9,9.0,9.4,10.4,-2.1,-1.1,6.3,5.7,3.8,6.4,4.7,5.6,5.4,4.5,3.2,3.1,-7.7,7.9,8.8,3.9,3.798260132767651,3.798260132767651,3.798260132767651,3.798260132767651,3.798260132767651
Sierra Leone,-0.6,1.9,1.8,-1.6,1.7,-6.7,0.1,2.4,2.1,5.0,1.6,-8.0,-9.6,0.1,3.5,-10.0,-24.8,-17.6,-0.8,-8.1,3.8,18.2,26.4,9.3,6.6,4.5,4.2,8.1,5.4,3.2,5.3,6.3,15.2,20.7,4.6,-20.5,6.4,3.8,3.5,5.3,-2.0,4.1,2.8,3.1,1.8447399791886552,1.8447399791886552,1.8447399791886552,1.8447399791886552,1.8447399791886552
Singapore,10.1,10.8,7.1,8.6,8.8,-0.6,1.3,10.8,11.3,10.2,9.8,6.7,6.6,11.5,11.1,7.2,7.5,8.3,-2.2,5.7,9.0,-1.1,3.9,4.5,9.9,7.4,9.0,9.0,1.9,0.1,14.5,6.2,4.4,4.8,3.9,3.0,3.6,4.5,3.6,1.3,-3.9,8.9,3.6,1.5,3.6505247888225867,3.6505247888225867,3.6505247888225867,3.6505247888225867,3.6505247888225867
Slovak Republic,1.8,0.1,0.6,1.7,2.5,2.2,2.7,2.6,3.8,3.6,2.7,1.4,1.4,-0.8,6.2,7.9,6.9,4.4,4.1,-0.1,1.2,3.3,4.5,5.5,5.3,6.6,8.5,10.8,5.6,-5.5,6.7,2.7,1.3,0.6,2.7,5.2,1.9,2.9,4.0,2.5,-3.4,3.0,1.7,1.3,3.0472887345814135,3.0472887345814135,3.0472887345814135,3.0472887345814135,3.0472887345814135
Slovenia,1.8,0.1,0.6,1.7,2.5,2.2,2.7,2.6,3.8,3.6,2.7,1.4,1.4,2.8,5.3,4.1,3.6,5.0,3.3,5.3,3.7,3.2,3.5,3.0,4.4,3.8,5.7,7.0,3.5,-7.5,1.3,0.9,-2.6,-1.0,2.8,2.2,3.2,4.8,4.5,3.5,-4.3,8.2,5.4,1.6,2.6659040490769392,2.6659040490769392,2.6659040490769392,2.6659040490769392,2.6659040490769392
Solomon Islands,-2.7,-1.8,-1.7,3.9,0.2,-3.1,-0.2,8.4,1.3,4.3,2.2,6.0,12.7,4.0,8.1,10.1,1.6,-0.9,1.3,-0.5,-14.3,-8.0,-2.8,6.5,6.7,5.5,4.9,4.4,5.8,2.6,8.6,7.3,1.4,5.2,1.2,1.7,5.6,3.1,2.7,1.7,-3.4,-0.6,-4.1,2.5,2.1154434809955758,2.1154434809955758,2.1154434809955758,2.1154434809955758,2.1154434809955758
Somalia,3.7,3.7,3.7,3.7,3.7,3.7,3.7,3.7,3.7,3.7,3.7,3.7,3.7,3.7,3.7,3.7,3.7,3.7,3.7,3.7,3.7,3.7,3.7,3.7,3.7,3.7,3.7,3.7,3.7,3.7,3.7,3.7,1.2,5.7,2.7,4.6,4.7,2.2,3.7,2.7,-0.3,2.9,1.7,2.8,3.474084579669407,3.474084579669407,3.474084579669407,3.474084579669407,3.474084579669407
South Africa,6.6,5.4,-0.4,-1.8,5.1,-1.2,0.0,2.1,4.2,2.4,-0.3,-1.0,-2.1,1.2,3.2,3.1,4.3,2.6,0.5,2.4,4.2,2.7,3.7,2.9,4.6,5.3,5.6,5.4,3.2,-1.5,3.0,3.2,2.4,2.5,1.4,1.3,0.7,1.2,1.5,0.3,-6.3,4.9,2.0,0.1,2.0710122586180484,2.0710122586180484,2.0710122586180484,2.0710122586180484,2.0710122586180484
"South Sudan, Republic of",4.4,4.4,4.4,4.4,4.4,4.4,4.4,4.4,4.4,4.4,4.4,4.4,4.4,4.4,4.4,4.4,4.4,4.4,4.4,4.4,4.4,4.4,4.4,4.4,4.4,4.4,4.4,4.4,4.4,4.4,4.4,4.4,-50.3,27.3,1.6,-0.2,-13.3,-5.8,-2.1,0.9,-6.5,5.3,6.6,5.6,2.6345948705858033,2.6345948705858033,2.6345948705858033,2.6345948705858033,2.6345948705858033
Spain,1.2,-0.4,1.2,1.7,1.7,2.4,3.4,5.7,5.3,5.0,3.8,2.5,0.9,-1.3,2.3,4.1,2.4,3.9,4.5,4.7,5.1,3.9,2.7,3.0,3.1,3.7,4.1,3.6,0.9,-3.8,0.2,-0.8,-3.0,-1.4,1.4,3.8,3.0,3.0,2.3,2.0,-11.3,5.5,5.5,1.5,2.105869030282296,2.105869030282296,2.105869030282296,2.105869030282296,2.105869030282296
Sri Lanka,5.8,5.3,5.2,3.3,6.7,5.0,4.3,1.5,2.7,2.3,6.2,10.8,-3.1,7.5,8.0,6.1,12.2,10.3,-1.6,2.9,8.4,-1.9,3.7,5.9,5.4,6.2,7.7,6.8,6.0,3.5,8.0,8.7,8.6,4.1,6.4,4.2,5.1,6.5,2.3,-0.2,-3.5,3.3,-8.7,-3.0,3.923490612731675,3.923490612731675,3.923490612731675,3.923490612731675,3.923490612731675
Sudan,2.5,6.3,4.1,-1.5,-5.6,-0.6,9.9,6.5,4.3,1.4,0.8,7.0,5.5,2.8,3.5,8.9,5.5,6.1,8.2,4.2,8.4,10.9,5.9,6.3,5.1,5.6,6.5,5.7,3.8,-2.8,3.9,-3.2,-17.0,2.0,4.7,4.9,4.7,0.8,-2.3,-2.5,-3.6,0.5,-2.5,1.2,2.775894923690562,2.775894923690562,2.775894923690562,2.775894923690562,2.775894923690562
Suriname,-6.5,1.9,-6.3,-5.1,-3.0,-0.9,-2.4,-8.8,10.8,2.3,-1.5,-13.8,3.9,-2.2,-7.0,11.3,11.2,7.0,2.2,-0.9,-0.1,4.9,3.7,6.2,7.3,4.9,5.8,5.1,4.1,3.0,5.2,5.8,2.7,2.9,0.3,-3.4,-4.9,1.6,4.9,1.1,-15.9,-2.7,1.3,2.3,0.8247807244272172,0.8247807244272172,0.8247807244272172,0.8247807244272172,0.8247807244272172
Sweden,4.6,4.5,1.4,2.1,4.3,2.3,3.0,3.3,2.5,2.7,0.8,-1.1,-0.9,-1.8,3.9,3.9,1.6,3.1,4.3,4.2,4.8,1.4,2.2,2.3,4.3,2.9,4.7,3.4,-0.5,-4.3,6.0,3.2,-0.6,1.2,2.7,4.5,2.1,2.6,2.0,2.0,-2.2,5.4,2.6,-0.5,2.2931769734632765,2.2931769734632765,2.2931769734632765,2.2931769734632765,2.2931769734632765
Switzerland,5.1,1.6,-1.3,0.6,3.1,3.7,1.8,1.5,3.3,4.4,3.7,-0.9,-0.1,-0.1,1.3,0.6,0.5,2.2,2.9,1.6,4.1,1.6,-0.1,-0.1,2.6,2.8,4.2,3.9,2.7,-2.3,3.2,1.9,1.2,1.8,2.3,1.6,2.1,1.4,2.9,1.2,-2.5,4.2,2.1,0.8,1.7977223616593494,1.7977223616593494,1.7977223616593494,1.7977223616593494,1.7977223616593494
Syria,10.5,8.5,2.6,1.6,-6.5,7.3,-4.8,1.3,12.7,-6.1,10.4,10.7,13.2,7.4,5.5,5.4,3.0,-1.1,5.6,-3.1,2.3,3.7,5.9,-2.0,6.9,6.2,5.0,5.7,4.5,5.9,3.4,4.7,5.1,3.0,3.4,3.0,4.3,2.2,2.8,1.6,-2.7,4.6,5.3,2.9,3.9969732053587648,3.9969732053587648,3.9969732053587648,3.9969732053587648,3.9969732053587648
São Tomé and Príncipe,-1.1,-10.3,3.1,-3.9,-6.0,9.3,-5.8,-2.9,2.0,3.1,-2.2,1.2,0.7,1.1,2.2,2.0,1.5,1.0,2.5,2.5,0.4,2.4,2.4,6.6,3.8,7.1,9.1,3.3,8.2,2.4,6.7,4.4,3.1,4.8,6.5,3.8,4.2,3.9,3.0,2.2,3.0,1.9,0.9,2.0,1.5562198120788295,1.5562198120788295,1.5562198120788295,1.5562198120788295,1.5562198120788295
Taiwan Province of China,8.0,7.1,4.8,9.0,10.0,4.8,11.5,12.8,8.0,8.7,5.5,8.4,8.3,6.8,7.5,6.5,6.2,6.1,4.2,6.7,6.3,-1.4,5.5,4.2,7.0,5.4,5.8,6.9,0.8,-1.6,10.2,3.7,2.2,2.5,4.7,1.5,2.2,3.3,2.8,3.1,3.4,6.5,2.5,2.1,3.4523676256985154,3.4523676256985154,3.4523676256985154,3.4523676256985154,3.4523676256985154
Tajikistan,6.7,6.7,6.7,6.7,6.7,6.7,6.7,6.7,6.7,6.7,6.7,6.7,6.7,-11.1,-21.4,-12.5,-4.4,1.7,5.3,3.7,8.3,10.2,9.1,10.2,10.6,6.7,7.0,7.8,7.9,3.9,6.5,7.4,7.5,7.4,6.7,6.0,6.9,7.1,7.6,7.4,4.4,9.4,8.0,5.0,5.227142828549305,5.227142828549305,5.227142828549305,5.227142828549305,5.227142828549305
Tanzania,3.3,0.5,0.6,2.4,3.4,4.6,6.6,5.9,4.4,3.8,7.0,2.1,0.6,1.2,1.6,3.6,4.5,3.5,3.7,4.8,4.9,6.0,7.2,6.9,7.8,7.4,4.7,8.5,5.6,5.4,6.4,7.9,5.1,6.8,6.7,6.2,6.9,6.8,7.0,7.0,4.8,4.9,4.7,5.2,5.078218915462499,5.078218915462499,5.078218915462499,5.078218915462499,5.078218915462499
Thailand,4.6,5.9,5.4,5.6,5.8,4.6,5.5,9.5,13.3,12.2,11.6,8.4,9.2,8.7,8.0,8.1,5.7,-2.8,-7.6,4.6,4.5,3.4,6.1,7.2,6.3,4.2,5.0,5.4,1.7,-0.7,7.5,0.8,7.2,2.7,1.0,3.1,3.4,4.2,4.2,2.1,-6.2,1.6,2.6,3.4,3.0539395753638914,3.0539395753638914,3.0539395753638914,3.0539395753638914,3.0539395753638914
Timor-Leste,3.0,3.0,3.0,3.0,3.0,3.0,3.0,3.0,3.0,3.0,3.0,3.0,3.0,3.0,3.0,3.0,3.0,3.0,3.0,3.0,3.0,16.3,-6.7,-2.2,0.4,3.0,-4.1,10.3,11.4,10.1,9.3,6.0,4.9,3.1,4.5,2.8,3.4,-3.1,-0.7,2.1,-8.3,2.9,3.3,2.2,3.04317653777152,3.04317653777152,3.04317653777152,3.04317653777152,3.04317653777152
Togo,-2.3,-3.4,-3.7,-5.2,5.9,3.7,3.3,-2.5,10.1,4.1,5.9,-0.6,-3.2,-16.3,13.9,19.7,-3.9,3.8,-2.3,2.5,-1.0,0.8,3.8,6.7,-1.0,-4.7,2.7,-1.2,4.1,5.5,6.1,6.4,6.5,6.1,5.9,5.7,5.6,4.3,5.0,5.5,1.8,5.3,5.4,5.5,2.734085942594458,2.734085942594458,2.734085942594458,2.734085942594458,2.734085942594458
Tonga,15.8,14.0,12.8,5.8,44.1,5.6,8.8,1.7,-3.5,1.1,4.7,5.9,-3.8,-0.1,2.0,7.9,0.1,-0.6,2.3,2.3,3.8,1.5,4.5,0.1,-1.9,-0.4,-2.2,-2.5,4.8,-5.2,0.8,6.8,0.8,0.3,2.0,1.2,6.6,3.3,0.2,0.7,0.5,-2.7,-2.0,2.5,0.47709970223365605,0.47709970223365605,0.47709970223365605,0.47709970223365605,0.47709970223365605
Trinidad and Tobago,10.4,4.6,3.8,-10.3,-5.8,-4.1,-3.3,-4.6,-3.9,-0.8,1.5,3.1,10.1,-0.7,3.6,3.8,7.1,7.5,8.1,8.0,6.9,3.7,7.2,13.9,7.3,5.9,14.2,4.3,3.3,-4.8,3.5,-0.2,4.5,3.8,3.3,-0.8,-6.8,-4.7,-0.9,0.1,-7.7,-1.0,2.5,3.2,2.5147440978168927,2.5147440978168927,2.5147440978168927,2.5147440978168927,2.5147440978168927
Tunisia,7.4,5.5,-0.5,4.7,5.7,5.7,-1.5,6.7,0.1,2.6,7.1,4.1,8.0,2.5,3.6,2.7,6.9,5.7,5.0,6.0,4.3,3.8,1.3,4.7,6.2,3.5,5.2,6.7,4.2,3.0,3.5,-2.0,4.2,2.4,3.1,1.0,1.1,2.2,2.6,1.6,-8.8,4.4,2.5,1.3,1.51000075299869,1.51000075299869,1.51000075299869,1.51000075299869,1.51000075299869
Turkmenistan,3.4,3.4,3.4,3.4,3.4,3.4,3.4,3.4,3.4,3.4,3.4,3.4,3.4,-10.0,-17.3,-7.2,-6.7,-11.3,6.7,16.5,18.6,20.4,15.8,17.1,14.7,13.0,11.0,11.1,14.7,6.1,16.2,12.9,6.1,-0.3,3.8,3.0,-1.0,4.7,0.9,-3.4,-2.9,4.6,1.8,2.3,4.449256135924199,4.449256135924199,4.449256135924199,4.449256135924199,4.449256135924199
Tuvalu,2.2,2.2,2.2,2.2,2.2,2.2,2.2,2.2,2.2,2.2,2.2,2.2,2.2,2.2,2.2,2.2,2.2,2.2,2.2,2.2,2.2,0.7,8.3,-4.4,-1.9,-3.7,1.3,6.9,6.6,-5.6,-2.5,7.5,-2.9,3.8,1.7,9.4,4.7,3.3,1.4,13.8,-4.3,1.8,0.7,4.3,2.206813134023852,2.206813134023852,2.206813134023852,2.206813134023852,2.206813134023852
"Türkiye, Republic of",-0.8,4.4,3.4,4.8,6.8,4.3,6.9,10.0,2.1,0.3,9.3,0.9,6.0,8.0,-5.5,7.2,7.0,7.5,3.1,-3.3,6.9,-5.8,6.4,5.8,9.8,9.0,6.9,5.0,0.8,-4.8,8.4,11.2,4.8,8.5,4.9,6.1,3.3,7.5,3.0,0.8,1.9,11.4,5.6,2.7,4.602267406144673,4.602267406144673,4.602267406144673,4.602267406144673,4.602267406144673
Uganda,-3.4,3.9,8.2,4.9,-3.0,-3.0,0.9,4.0,8.3,6.4,6.5,1.8,5.9,6.7,7.7,9.2,6.6,4.6,6.1,8.0,3.9,8.8,7.1,6.2,5.8,10.0,7.0,8.1,10.4,8.1,7.5,7.7,2.3,3.9,5.7,8.0,0.2,6.8,5.5,7.8,-1.3,6.0,4.9,5.7,5.27713255586937,5.27713255586937,5.27713255586937,5.27713255586937,5.27713255586937
Ukraine,-0.8,-0.5,1.4,4.6,4.1,2.4,4.4,5.0,1.6,0.1,-0.4,-5.7,-9.9,-14.2,-22.9,-12.2,-10.0,-3.0,-1.9,-0.2,5.9,8.8,5.3,9.5,11.8,3.1,7.6,8.2,2.2,-15.1,4.1,5.5,0.2,0.0,-6.6,-9.8,2.4,2.4,3.5,3.2,-3.8,3.4,-30.3,-3.0,-0.9335062636921237,-0.9335062636921237,-0.9335062636921237,-0.9335062636921237,-0.9335062636921237
United Arab Emirates,-1.8,8.0,-7.2,-5.2,4.5,-2.5,-19.3,5.3,-2.6,15.7,23.6,2.1,3.1,0.0,7.4,6.6,5.3,8.6,0.8,3.8,12.3,1.3,2.5,8.8,9.6,4.9,9.8,3.2,3.2,-5.2,1.6,6.9,4.8,5.1,4.2,6.8,5.6,0.7,1.3,1.1,-5.0,3.9,7.4,3.5,3.5113591581495434,3.5113591581495434,3.5113591581495434,3.5113591581495434,3.5113591581495434
United Kingdom,-2.2,-0.9,1.7,3.9,1.9,3.7,2.6,5.2,5.2,2.2,0.6,-1.7,0.0,2.1,3.5,2.1,1.9,4.5,3.2,3.0,4.1,2.2,1.8,3.1,2.3,2.7,2.2,2.6,-0.2,-4.5,2.4,1.1,1.4,1.8,3.2,2.4,2.2,2.4,1.7,1.6,-11.0,7.6,4.0,-0.3,1.8022675563208124,1.8022675563208124,1.8022675563208124,1.8022675563208124,1.8022675563208124
United States,-0.3,2.5,-1.8,4.6,7.2,4.2,3.5,3.5,4.2,3.7,1.9,-0.1,3.5,2.8,4.0,2.7,3.8,4.4,4.5,4.8,4.1,1.0,1.7,2.8,3.9,3.5,2.8,2.0,0.1,-2.6,2.7,1.5,2.3,1.8,2.3,2.7,1.7,2.2,2.9,2.3,-2.8,5.9,2.1,1.6,2.5477225656905627,2.5477225656905627,2.5477225656905627,2.5477225656905627,2.5477225656905627
Uruguay,6.0,1.9,-9.4,-5.9,-1.5,0.3,7.5,5.9,0.5,1.1,0.3,3.5,7.9,2.7,7.3,-1.4,5.6,5.0,4.5,-1.9,-1.9,-3.8,-7.7,0.8,5.0,7.5,4.1,6.5,7.2,4.2,7.8,5.2,3.5,4.6,3.2,0.4,1.7,1.6,0.5,0.4,-6.1,4.4,4.9,2.0,2.2431279204815775,2.2431279204815775,2.2431279204815775,2.2431279204815775,2.2431279204815775
Uzbekistan,5.5,5.5,5.5,5.5,5.5,5.5,5.5,5.5,5.5,5.5,5.5,5.5,-11.1,-2.3,-5.2,-0.9,1.7,5.2,4.3,4.3,3.8,4.2,4.0,4.2,7.4,7.0,7.5,9.5,9.0,8.1,7.1,7.5,7.1,7.3,6.9,7.2,5.9,4.4,5.9,6.0,2.0,7.4,5.7,5.3,4.90226903316125,4.90226903316125,4.90226903316125,4.90226903316125,4.90226903316125
Vanuatu,5.5,4.4,2.0,3.0,9.6,1.0,-0.1,-2.9,-1.7,1.5,11.7,3.1,2.6,0.7,9.1,1.0,2.3,4.9,1.2,0.3,5.9,-3.4,-5.2,4.3,4.0,5.3,8.5,2.9,5.6,3.0,1.3,3.1,1.0,0.5,3.1,0.4,4.7,6.3,2.9,3.2,-5.0,0.6,1.9,3.5,2.672722290762559,2.672722290762559,2.672722290762559,2.672722290762559,2.672722290762559
Venezuela,-4.9,-1.3,2.6,-9.9,5.2,0.9,6.1,4.8,6.5,-13.9,6.5,9.7,6.1,0.3,-2.3,4.0,-0.2,6.4,0.3,-6.0,3.7,3.4,-8.9,-7.8,18.3,10.3,9.9,8.8,5.3,-3.2,-1.5,4.2,5.6,1.3,-3.9,-6.2,-17.0,-15.7,-19.7,-27.7,-30.0,0.5,8.0,5.0,-0.7836224055995764,-0.7836224055995764,-0.7836224055995764,-0.7836224055995764,-0.7836224055995764
Vietnam,-3.5,5.8,8.2,7.1,8.4,5.6,3.4,2.5,5.1,7.8,5.0,5.8,8.7,8.1,8.8,9.5,9.3,8.2,5.8,4.8,6.8,6.9,7.1,7.3,7.8,7.5,7.0,7.1,5.7,5.4,6.4,6.4,5.5,5.6,6.4,7.0,6.7,6.9,7.5,7.4,2.9,2.6,8.0,5.8,6.081227310791711,6.081227310791711,6.081227310791711,6.081227310791711,6.081227310791711
West Bank and Gaza,3.75,3.75,3.75,3.75,3.75,3.75,3.75,3.75,3.75,3.75,3.75,3.75,3.75,3.75,3.75,7.1,1.2,14.7,14.3,8.3,-8.6,-9.3,-12.5,14.0,21.9,11.3,-1.0,3.8,7.4,8.6,5.8,9.6,6.1,4.7,-0.2,3.7,8.9,1.4,1.2,1.4,-11.3,7.0,4.0,3.5,4.160479414129737,4.160479414129737,4.160479414129737,4.160479414129737,4.160479414129737
Yemen,3.8499999999999996,3.8499999999999996,3.8499999999999996,3.8499999999999996,3.8499999999999996,3.8499999999999996,3.8499999999999996,3.8499999999999996,3.8499999999999996,3.8499999999999996,3.8499999999999996,6.3,8.2,4.0,6.7,5.7,4.6,5.2,6.0,3.8,6.2,3.8,3.9,3.7,4.0,5.6,3.2,3.3,3.6,3.9,7.7,-12.7,2.4,4.8,-0.2,-28.0,-9.4,-5.1,0.8,1.4,-8.5,-1.0,1.5,-0.5,-1.9395490111193994,-1.9395490111193994,-1.9395490111193994,-1.9395490111193994,-1.9395490111193994
Zambia,3.9,6.6,-2.9,-1.1,-1.7,1.2,1.7,1.5,9.3,-3.7,-0.6,-0.7,2.1,-0.1,-13.3,2.9,6.2,3.8,-0.4,4.7,3.9,5.3,4.5,6.9,7.0,7.2,7.9,8.4,7.8,9.2,10.3,5.6,7.6,5.1,4.7,2.9,3.8,3.5,4.0,1.4,-2.8,4.6,3.4,4.0,3.2946062819907405,3.2946062819907405,3.2946062819907405,3.2946062819907405,3.2946062819907405
Zimbabwe,1.9068181818181822,1.271111111111111,2.2733333333333334,1.4355555555555561,2.188888888888889,4.17111111111111,3.4622222222222225,2.7755555555555556,4.9511111111111115,3.6755555555555555,2.9644444444444447,2.3,0.1,0.9,2.5,2.6,5.0,3.2,4.0,-1.1,-4.2,-0.5,-7.7,-16.2,-6.3,-7.4,-3.6,-3.4,-16.3,7.4,19.7,14.2,16.7,2.0,2.4,1.8,0.5,5.0,4.7,-6.1,-7.8,8.5,3.0,2.5,1.4856324969432382,1.4856324969432382,1.4856324969432382,1.4856324969432382,1.4856324969432382
Africa (Region),1.9068181818181822,1.271111111111111,2.2733333333333334,1.4355555555555561,2.188888888888889,4.17111111111111,3.4622222222222225,2.7755555555555556,4.9511111111111115,3.6755555555555555,2.9644444444444447,2.3,0.1,0.9,2.5,2.6,5.0,3.2,4.0,3.1,4.3,4.5,4.9,5.5,5.9,5.9,5.5,6.1,5.2,3.0,5.9,2.7,6.2,3.7,3.8,3.4,2.2,3.5,3.4,3.0,-1.7,4.9,3.8,3.7,3.4295257028528936,3.4295257028528936,3.4295257028528936,3.4295257028528936,3.4295257028528936
Asia and Pacific,4.4,5.2,4.2,5.4,6.5,5.8,5.4,6.8,7.8,5.4,5.6,4.9,5.5,5.2,5.5,6.4,6.5,4.7,1.4,4.5,5.6,3.7,5.0,6.1,6.9,7.3,7.7,8.6,5.0,4.2,8.3,6.4,5.6,5.8,5.6,5.6,5.4,5.7,5.3,4.1,-0.8,6.9,4.0,4.4,5.443176865020014,5.443176865020014,5.443176865020014,5.443176865020014,5.443176865020014
Australia and New Zealand,2.6,3.9,0.5,-0.4,6.4,4.8,2.4,4.5,3.7,4.1,1.3,-1.0,2.3,4.1,4.9,3.2,4.0,4.3,4.1,4.4,3.2,2.6,4.2,3.2,4.2,3.0,2.6,4.3,2.2,1.6,2.3,2.6,3.6,2.2,2.7,2.5,2.9,2.5,2.9,2.1,-1.8,5.3,3.5,1.5,2.964647205393026,2.964647205393026,2.964647205393026,2.964647205393026,2.964647205393026
Caribbean,4.3,2.2,0.2,-1.9,-0.2,-0.1,1.9,1.7,0.4,1.8,1.6,0.6,2.5,0.0,-0.5,5.0,4.2,3.6,3.1,3.8,3.2,1.7,2.8,5.8,3.2,3.4,6.5,3.7,1.8,-1.6,0.1,2.0,2.2,2.5,2.0,0.7,-0.8,0.4,1.7,0.7,-4.8,4.5,13.4,9.9,2.384304472895304,2.384304472895304,2.384304472895304,2.384304472895304,2.384304472895304
Central America,2.3,1.4,-1.8,0.9,2.1,0.2,2.2,4.4,0.1,3.2,1.8,2.2,7.3,5.4,3.4,4.7,3.8,5.6,5.4,4.1,3.6,2.2,3.4,2.1,3.8,5.6,7.0,7.0,4.4,-0.1,5.2,5.1,4.5,4.2,4.8,4.9,4.5,4.3,3.9,3.3,-7.2,11.0,5.3,3.8,3.529540236529908,3.529540236529908,3.529540236529908,3.529540236529908,3.529540236529908
Central Asia and the Caucasus,-1.9,-0.2,0.4,0.7,0.3,1.2,2.0,-0.1,3.3,4.3,8.7,8.5,4.9,2.1,-7.4,3.6,5.5,6.5,2.8,-1.0,7.2,-0.9,7.1,6.9,9.5,9.8,9.0,7.6,3.0,-1.0,8.0,9.4,5.1,7.4,4.8,4.9,2.8,6.3,3.3,1.9,0.6,9.6,5.3,3.1,3.894577507927112,3.894577507927112,3.894577507927112,3.894577507927112,3.894577507927112
East Asia,4.2,4.8,4.8,6.0,7.7,7.3,5.8,7.7,8.4,5.0,5.0,5.8,5.7,5.2,6.2,6.4,6.2,5.0,2.3,4.5,6.1,4.2,5.3,5.9,6.8,7.3,8.1,9.4,5.6,4.4,8.7,6.7,5.8,6.0,5.5,5.3,5.1,5.5,5.2,4.4,0.9,7.1,2.6,4.3,5.583227175598028,5.583227175598028,5.583227175598028,5.583227175598028,5.583227175598028
Eastern Europe ,-0.9,-2.6,0.5,4.5,2.9,1.6,3.1,2.4,1.4,0.1,-6.4,-10.2,-11.3,-6.8,-8.3,-1.6,-0.6,1.6,-1.3,3.7,7.2,4.5,4.3,6.1,7.2,5.7,7.5,7.7,4.8,-6.1,3.3,4.5,2.5,1.3,1.2,-0.1,1.4,3.2,3.8,3.0,-3.0,5.8,-0.6,0.6,0.985616380508624,0.985616380508624,0.985616380508624,0.985616380508624,0.985616380508624
Europe,1.4,0.0,0.7,2.0,2.5,2.5,2.7,2.9,3.9,3.4,2.4,1.0,-1.9,-1.8,0.2,1.6,1.2,2.7,2.1,3.1,4.6,2.7,1.8,2.3,3.5,2.9,4.3,4.2,1.6,-4.8,2.5,2.4,0.4,0.5,1.6,1.6,1.8,2.8,2.3,2.0,-5.5,5.7,2.4,0.6,1.7454495486362533,1.7454495486362533,1.7454495486362533,1.7454495486362533,1.7454495486362533
Middle East (Region),-3.5,0.4,-2.4,-1.1,-1.4,-1.6,1.9,-0.5,2.8,4.3,12.1,10.5,7.4,1.6,1.9,2.7,4.2,3.2,2.9,1.1,6.1,0.8,2.3,12.4,10.5,4.7,5.8,5.2,4.6,0.3,5.2,6.7,3.8,2.9,3.7,2.5,5.4,0.6,1.5,0.4,-3.6,4.3,6.2,2.7,3.0397881930315056,3.0397881930315056,3.0397881930315056,3.0397881930315056,3.0397881930315056
North Africa,0.3,-3.6,5.5,3.6,3.5,5.3,0.5,-0.7,3.3,4.1,2.5,4.8,0.0,-0.3,3.4,0.3,5.2,2.6,5.7,4.0,4.3,3.8,3.0,6.3,4.6,5.4,4.6,5.5,4.7,2.8,4.5,-0.6,9.9,1.8,1.7,3.7,3.1,4.6,4.2,2.9,-1.8,5.4,4.1,4.0,3.2386309786352188,3.2386309786352188,3.2386309786352188,3.2386309786352188,3.2386309786352188
North America,1.0,3.3,-1.8,3.5,6.7,4.0,2.7,3.3,3.9,3.6,2.1,0.2,3.3,2.8,4.2,1.8,3.9,4.7,4.5,4.6,4.2,0.9,1.6,2.6,3.8,3.3,2.9,2.0,0.3,-2.9,3.0,1.9,2.4,1.8,2.4,2.6,1.7,2.3,2.8,2.0,-3.4,5.7,2.3,1.6,2.502267737051424,2.502267737051424,2.502267737051424,2.502267737051424,2.502267737051424
Pacific Islands ,-1.9,2.5,0.3,1.0,3.9,1.1,5.6,-0.1,2.8,4.0,0.5,5.0,10.6,9.1,8.6,-0.6,5.7,-4.4,3.4,3.7,-2.1,0.4,1.0,6.1,2.3,2.7,2.4,4.8,0.6,4.0,7.7,1.9,3.4,3.9,10.5,5.7,4.8,3.9,0.9,3.0,-6.2,-1.2,6.2,4.4,2.9977222895881828,2.9977222895881828,2.9977222895881828,2.9977222895881828,2.9977222895881828
South America,5.7,-2.3,-0.4,-2.8,4.4,3.9,7.1,3.8,1.1,-0.1,-1.3,3.9,3.0,4.5,4.9,3.7,2.6,4.8,1.2,-1.3,3.2,0.9,0.3,2.1,7.3,5.1,5.7,6.8,5.0,-1.0,6.7,4.9,2.7,3.3,0.5,-1.1,-2.4,0.8,0.5,-0.1,-6.3,7.5,3.9,1.0,2.369113168752329,2.369113168752329,2.369113168752329,2.369113168752329,2.369113168752329
South Asia,5.2,6.0,4.2,6.7,4.1,5.7,4.9,4.1,8.3,5.5,5.3,2.4,5.5,4.3,6.2,6.9,7.3,4.0,5.4,7.4,4.2,4.3,3.8,7.2,7.5,8.9,8.5,8.9,4.2,7.1,9.0,6.3,5.4,6.0,6.9,7.3,7.6,6.6,6.4,3.9,-4.3,8.4,6.4,5.2,5.797722242691487,5.797722242691487,5.797722242691487,5.797722242691487,5.797722242691487
Southeast Asia,7.0,6.5,4.1,4.6,4.9,1.7,5.0,6.5,8.4,9.1,8.4,7.3,6.7,7.8,7.7,8.0,7.5,4.1,-7.5,3.3,5.8,3.3,5.1,5.8,6.5,5.7,6.0,6.6,5.2,2.4,7.4,5.0,6.1,5.1,4.8,4.9,5.1,5.4,5.3,4.7,-3.1,3.2,5.7,4.6,5.180025857840901,5.180025857840901,5.180025857840901,5.180025857840901,5.180025857840901
Sub-Saharan Africa (Region) ,1.8842105263157898,1.6153846153846156,1.8948717948717944,1.3435897435897435,2.276923076923077,4.171794871794871,3.741025641025641,3.212820512820513,5.084615384615385,3.692307692307693,2.9410256410256417,0.5,0.3,1.7,1.9,4.2,4.8,3.6,2.8,2.5,4.2,5.0,6.2,4.9,6.7,6.2,6.1,6.5,5.5,3.2,6.7,4.5,3.9,4.8,4.9,3.3,1.6,2.9,3.0,3.0,-1.7,4.6,3.6,3.5,3.5309643130318182,3.5309643130318182,3.5309643130318182,3.5309643130318182,3.5309643130318182
Western Europe,1.6,0.3,0.7,1.7,2.5,2.6,2.6,3.0,4.2,3.7,3.2,1.9,1.2,-0.2,2.7,2.5,1.7,3.0,3.1,3.0,3.9,2.1,1.1,1.1,2.3,1.9,3.1,2.8,0.3,-4.3,2.2,1.6,-0.4,0.2,1.7,2.2,1.9,2.6,1.8,1.6,-6.6,5.7,3.6,0.6,1.7807203824545164,1.7807203824545164,1.7807203824545164,1.7807203824545164,1.7807203824545164
Western Hemisphere (Region),2.2,2.0,-1.4,2.1,6.1,3.9,3.7,3.5,3.3,2.8,1.4,1.0,3.3,3.1,4.3,2.3,3.6,4.7,3.9,3.5,4.0,1.0,1.4,2.5,4.5,3.7,3.5,3.1,1.4,-2.4,3.8,2.6,2.5,2.2,2.0,1.8,0.9,2.0,2.4,1.6,-4.1,6.2,2.7,1.6,2.5045404732317187,2.5045404732317187,2.5045404732317187,2.5045404732317187,2.5045404732317187
ASEAN-5,7.7,6.5,3.8,4.5,4.6,1.3,5.2,6.9,8.8,9.4,8.7,7.5,6.6,7.9,7.7,7.9,7.4,3.8,-8.8,3.0,5.6,2.7,4.8,5.5,6.1,5.3,5.7,6.4,5.1,2.0,7.6,4.8,6.2,5.0,4.5,4.6,4.8,5.2,5.0,4.3,-4.4,4.0,5.5,4.5,5.039499823918488,5.039499823918488,5.039499823918488,5.039499823918488,5.039499823918488
Advanced economies,1.3,2.0,0.2,3.2,4.8,3.7,3.3,3.8,4.8,3.9,3.1,1.6,2.2,1.3,3.3,2.9,3.0,3.5,2.8,3.6,4.1,1.5,1.6,2.0,3.3,2.8,3.0,2.7,0.3,-3.4,3.2,1.7,1.2,1.4,2.0,2.3,1.8,2.5,2.3,1.7,-4.2,5.4,2.7,1.3,2.306813228655671,2.306813228655671,2.306813228655671,2.306813228655671,2.306813228655671
Emerging and Developing Asia,6.3,5.9,5.1,7.0,7.5,6.6,6.2,7.2,9.3,6.3,5.9,6.1,8.9,9.0,9.3,8.9,8.4,6.1,2.8,6.5,6.5,6.0,6.6,8.3,8.4,9.3,10.1,11.2,7.3,7.6,9.6,7.9,7.0,6.9,6.9,6.8,6.8,6.6,6.4,5.2,-0.5,7.5,4.4,5.3,6.951156826014479,6.951156826014479,6.951156826014479,6.951156826014479,6.951156826014479
Emerging and Developing Europe,-0.8,-0.5,1.4,4.6,4.1,2.4,4.4,5.0,1.6,0.1,-0.4,-5.7,-8.7,-4.4,-8.4,-0.3,0.3,2.7,-0.8,2.6,7.5,2.7,4.8,6.2,7.9,6.3,7.4,7.2,4.3,-5.7,4.4,6.1,3.2,2.9,1.9,1.0,1.8,4.2,3.6,2.5,-1.6,7.3,0.8,1.2,1.891040917524332,1.891040917524332,1.891040917524332,1.891040917524332,1.891040917524332
Emerging market and developing economies,3.3,1.9,1.5,1.8,4.1,3.5,4.3,4.0,4.5,3.5,4.1,4.5,2.5,3.0,3.1,4.0,5.1,4.7,2.3,3.5,5.7,3.6,4.4,6.9,7.9,7.1,7.9,8.4,5.7,2.8,7.4,6.4,5.4,5.0,4.7,4.4,4.4,4.7,4.7,3.6,-1.8,6.9,4.0,3.9,4.299160311476273,4.299160311476273,4.299160311476273,4.299160311476273,4.299160311476273
Euro area,1.8,0.1,0.6,1.7,2.5,2.2,2.7,2.6,3.8,3.6,2.7,1.4,1.4,-0.8,2.5,2.9,1.6,2.6,3.0,2.9,3.8,2.2,0.9,0.7,2.3,1.7,3.2,3.0,0.4,-4.5,2.1,1.7,-0.9,-0.2,1.4,2.0,1.9,2.6,1.8,1.6,-6.1,5.4,3.5,0.8,1.6679970052921256,1.6679970052921256,1.6679970052921256,1.6679970052921256,1.6679970052921256
European Union,1.8,0.1,0.6,1.7,2.5,2.2,2.7,2.6,3.8,3.6,2.7,1.4,1.0,-0.6,2.7,2.8,2.0,2.6,3.0,2.9,3.9,2.3,1.3,1.1,2.8,2.1,3.7,3.4,0.9,-4.2,2.1,2.0,-0.6,-0.1,1.7,2.5,2.0,3.0,2.3,2.0,-5.6,5.6,3.7,0.7,1.8340859014439888,1.8340859014439888,1.8340859014439888,1.8340859014439888,1.8340859014439888
Latin America and the Caribbean,6.4,0.9,-0.5,-2.8,3.9,3.2,4.3,3.3,1.1,1.1,0.6,3.8,3.3,4.0,4.7,1.3,3.8,5.3,2.5,0.2,3.7,0.6,0.4,2.0,6.1,4.4,5.4,5.6,4.0,-1.9,6.1,4.6,3.0,2.9,1.4,0.4,-0.6,1.4,1.2,0.2,-6.8,7.0,4.0,1.6,2.434085879415983,2.434085879415983,2.434085879415983,2.434085879415983,2.434085879415983
Major advanced economies (G7),0.9,2.0,-0.1,3.3,5.0,3.8,3.0,3.5,4.7,3.8,2.8,1.2,2.1,1.1,3.0,2.5,2.7,3.2,2.9,3.2,3.8,1.2,1.1,1.9,2.9,2.5,2.5,2.1,0.0,-3.7,2.9,1.6,1.4,1.4,1.9,2.1,1.5,2.2,2.1,1.6,-4.5,5.3,2.3,1.1,2.086358745311334,2.086358745311334,2.086358745311334,2.086358745311334,2.086358745311334
Middle East and Central Asia,-1.9,-0.2,0.4,0.7,0.3,1.2,2.0,-0.1,3.3,4.3,8.7,8.5,4.9,0.2,1.4,1.7,4.5,3.0,3.6,2.3,5.5,2.5,3.1,10.2,8.8,5.9,6.2,5.9,4.9,1.2,5.0,4.7,5.1,3.0,3.4,3.0,4.3,2.2,2.8,1.6,-2.7,4.6,5.3,2.9,3.2184039117978096,3.2184039117978096,3.2184039117978096,3.2184039117978096,3.2184039117978096
Other advanced economies,3.8,4.2,2.2,4.0,6.6,4.3,5.5,6.5,5.5,4.6,4.3,3.7,4.0,4.2,6.2,5.3,4.9,4.7,1.0,5.5,5.9,2.2,3.9,2.8,5.3,4.2,4.8,5.2,1.8,-0.9,6.0,3.4,2.2,2.5,3.0,2.3,2.6,3.1,2.8,2.0,-1.6,5.4,2.6,1.8,2.4232144958408903,2.4232144958408903,2.4232144958408903,2.4232144958408903,2.4232144958408903
Sub-Saharan Africa,1.8842105263157898,1.6153846153846156,1.8948717948717944,1.3435897435897435,2.276923076923077,4.171794871794871,3.741025641025641,3.212820512820513,5.084615384615385,3.692307692307693,2.9410256410256417,0.2,0.0,1.6,1.8,3.9,4.8,3.5,2.4,2.4,4.0,4.6,6.3,4.8,6.9,6.3,6.0,6.6,5.7,3.6,6.9,5.0,4.8,4.9,5.0,3.2,1.5,2.9,3.2,3.3,-1.7,4.8,3.9,3.6,3.5593656826976305,3.5593656826976305,3.5593656826976305,3.5593656826976305,3.5593656826976305
World,2.1,1.9,0.7,2.6,4.6,3.6,3.6,3.9,4.7,3.8,3.4,2.7,2.3,2.0,3.2,3.3,3.9,4.0,2.6,3.5,4.8,2.5,2.9,4.3,5.4,4.9,5.4,5.6,3.1,-0.1,5.4,4.3,3.5,3.4,3.5,3.4,3.3,3.8,3.6,2.8,-2.8,6.3,3.4,2.8,3.361358751206166,3.361358751206166,3.361358751206166,3.361358751206166,3.361358751206166
